reg_departure,Адыгея,Алтай,Алтайский,Амурская,Архангельская,Астраханская,Башкортостан,Белгородская,Брянская,Бурятия,Владимирская,Волгоградская,Вологодская,Воронежская,Дагестан,Еврейская,Забайкальский,Ивановская,Ингушетия,Иркутская,Кабардино-Балкарская,Калининградская,Калмыкия,Калужская,Камчатский,Карелия,Кемеровская,Кировская,Коми,Костромская,Краснодарский,Красноярский,Крым,Курганская,Курская,Ленинградская,Липецкая,Магаданская,Марий Эл,Мордовия,Москва,Московская,Мурманская,Ненецкий,Нижегородская,Новгородская,Новосибирская,Омская,Оренбургская,Орловская,Пензенская,Пермский,Приморский,Псковская,Ростовская,Рязанская,Самарская,Санкт-Петербург,Саратовская,Саха /Якутия/,Сахалинская,Свердловская,Севастополь,Северная Осетия - Алания,Смоленская,Ставропольский,Тамбовская,Татарстан,Тверская,Томская,Тульская,Тыва,Тюменская,Удмуртская,Ульяновская,Хабаровский,Хакасия,Ханты-Мансийский Автономный округ - Югра,Челябинская,Чеченская,Чувашская Республика,Чукотский,Ямало-Ненецкий,Ярославская
Адыгея,0.0,0.0,0.0,0.0,0.0,0.0,0.0,0.0,0.0,0.0,0.0,0.0,0.0,0.0,0.0,0.0,0.0,0.0,0.0,0.0,0.0,0.0,0.0,0.0,0.0,0.0,0.0,0.0,0.0,0.0,7433.0,0.0,0.0,0.0,0.0,0.0,0.0,0.0,0.0,0.0,5083.0,0.0,0.0,0.0,0.0,0.0,0.0,0.0,0.0,0.0,0.0,0.0,0.0,0.0,0.0,0.0,0.0,0.0,0.0,0.0,0.0,0.0,0.0,0.0,0.0,0.0,0.0,0.0,0.0,0.0,0.0,0.0,0.0,0.0,0.0,0.0,0.0,0.0,0.0,0.0,0.0,0.0,0.0,0.0
Алтай,0.0,0.0,1988.0,0.0,0.0,0.0,68.0,0.0,0.0,0.0,0.0,0.0,0.0,0.0,0.0,0.0,0.0,0.0,0.0,0.0,0.0,0.0,0.0,0.0,0.0,0.0,0.0,0.0,0.0,0.0,0.0,1207.0,0.0,0.0,0.0,0.0,0.0,0.0,0.0,0.0,492.0,0.0,0.0,0.0,0.0,0.0,839.0,0.0,0.0,0.0,0.0,0.0,0.0,0.0,0.0,0.0,0.0,0.0,0.0,0.0,0.0,433.0,0.0,0.0,0.0,0.0,0.0,0.0,0.0,0.0,0.0,0.0,0.0,0.0,0.0,0.0,0.0,0.0,0.0,0.0,0.0,0.0,0.0,0.0
Алтайский,0.0,19479.0,147620.0,87.0,81.0,0.0,165.0,212.0,0.0,0.0,0.0,209.0,0.0,278.0,83.0,0.0,121.0,0.0,0.0,713.0,0.0,2331.0,0.0,0.0,0.0,0.0,52727.0,0.0,0.0,0.0,1830.0,3138.0,455.0,0.0,0.0,0.0,76.0,0.0,0.0,0.0,9947.0,0.0,363.0,0.0,209.0,0.0,161884.0,2801.0,51.0,0.0,68.0,0.0,0.0,0.0,236.0,0.0,71.0,1797.0,54.0,0.0,0.0,1751.0,0.0,161.0,0.0,328.0,0.0,816.0,0.0,31423.0,0.0,0.0,1799.0,0.0,0.0,0.0,1195.0,913.0,68.0,75.0,0.0,0.0,131.0,0.0
Амурская,0.0,0.0,0.0,9285.0,0.0,0.0,2495.0,0.0,0.0,854.0,0.0,0.0,0.0,79.0,75.0,886.0,2313.0,0.0,0.0,1537.0,0.0,0.0,0.0,24.0,0.0,0.0,214.0,24.0,0.0,0.0,946.0,615.0,1392.0,0.0,0.0,0.0,82.0,0.0,0.0,0.0,10092.0,0.0,0.0,0.0,47.0,0.0,1530.0,361.0,398.0,0.0,54.0,111.0,3861.0,0.0,158.0,0.0,125.0,743.0,0.0,2277.0,374.0,1971.0,0.0,0.0,0.0,167.0,0.0,253.0,0.0,0.0,0.0,0.0,217.0,0.0,0.0,9141.0,0.0,63.0,153.0,0.0,32.0,0.0,58.0,0.0
Архангельская,0.0,0.0,84.0,0.0,13816.0,223.0,295.0,284.0,0.0,0.0,283.0,262.0,4288.0,441.0,408.0,0.0,0.0,0.0,0.0,2319.0,0.0,939.0,0.0,942.0,75.0,372.0,0.0,1086.0,3544.0,0.0,4452.0,1678.0,1032.0,0.0,0.0,361.0,123.0,0.0,0.0,49.0,28158.0,0.0,2991.0,1505.0,552.0,0.0,4640.0,189.0,93.0,0.0,0.0,358.0,136.0,0.0,551.0,78.0,144.0,22226.0,0.0,1038.0,65.0,340.0,0.0,0.0,101.0,1024.0,28.0,219.0,0.0,0.0,0.0,0.0,201.0,0.0,0.0,497.0,0.0,170.0,456.0,108.0,0.0,0.0,276.0,3284.0
Астраханская,2923.0,0.0,0.0,0.0,0.0,24048.0,487.0,0.0,0.0,0.0,0.0,123728.0,0.0,9950.0,2596.0,0.0,0.0,0.0,0.0,189.0,66.0,130.0,6720.0,0.0,0.0,114.0,0.0,0.0,80.0,0.0,38606.0,279.0,16964.0,0.0,0.0,0.0,0.0,0.0,0.0,0.0,59055.0,0.0,106.0,0.0,491.0,0.0,131.0,151.0,96.0,0.0,0.0,164.0,81.0,0.0,34032.0,173.0,1319.0,4032.0,2063.0,112.0,0.0,601.0,3944.0,1974.0,0.0,20088.0,259.0,2129.0,85.0,0.0,0.0,0.0,335.0,0.0,112.0,84.0,0.0,443.0,160.0,535.0,66.0,0.0,228.0,0.0
Башкортостан,0.0,0.0,123.0,3438.0,1204.0,535.0,15002.0,602.0,0.0,178.0,112.0,1436.0,0.0,1009.0,985.0,340.0,784.0,117.0,53.0,1286.0,0.0,1138.0,0.0,26.0,0.0,0.0,227.0,0.0,4946.0,0.0,10233.0,1249.0,1627.0,738.0,0.0,0.0,215.0,0.0,0.0,286.0,61763.0,0.0,596.0,0.0,1522.0,50.0,2390.0,956.0,13722.0,0.0,796.0,42058.0,1110.0,0.0,3670.0,322.0,9783.0,12935.0,1725.0,408.0,450.0,77901.0,0.0,69.0,16.0,2209.0,148.0,107177.0,0.0,157.0,91.0,0.0,3685.0,10677.0,1006.0,4596.0,0.0,25152.0,12986.0,132.0,1017.0,0.0,10450.0,106.0
Белгородская,0.0,0.0,266.0,0.0,123.0,0.0,399.0,19266.0,0.0,0.0,0.0,4089.0,0.0,15537.0,985.0,0.0,0.0,0.0,0.0,206.0,0.0,473.0,0.0,0.0,54.0,82.0,0.0,0.0,246.0,0.0,4319.0,1472.0,12365.0,0.0,17411.0,22.0,7740.0,134.0,0.0,0.0,144514.0,0.0,1175.0,60.0,230.0,175.0,104.0,376.0,17.0,1862.0,233.0,0.0,0.0,0.0,8287.0,3060.0,891.0,9061.0,75.0,0.0,0.0,104.0,0.0,113.0,5115.0,75.0,324.0,501.0,462.0,80.0,1344.0,0.0,115.0,0.0,132.0,0.0,0.0,1420.0,455.0,49.0,0.0,0.0,588.0,0.0
Брянская,0.0,0.0,0.0,0.0,0.0,0.0,0.0,0.0,307.0,0.0,0.0,0.0,0.0,742.0,0.0,0.0,0.0,0.0,0.0,0.0,0.0,0.0,0.0,2082.0,0.0,0.0,0.0,0.0,0.0,0.0,3428.0,0.0,0.0,0.0,44.0,0.0,308.0,0.0,0.0,0.0,88721.0,0.0,0.0,0.0,0.0,50.0,0.0,0.0,0.0,0.0,0.0,0.0,0.0,0.0,667.0,0.0,0.0,4797.0,192.0,0.0,0.0,0.0,0.0,0.0,282.0,230.0,37.0,0.0,465.0,0.0,0.0,0.0,0.0,0.0,0.0,0.0,0.0,0.0,0.0,0.0,0.0,0.0,0.0,0.0
Бурятия,0.0,0.0,0.0,821.0,0.0,0.0,287.0,0.0,0.0,1093.0,0.0,0.0,0.0,0.0,0.0,37.0,18464.0,0.0,0.0,22419.0,0.0,128.0,0.0,0.0,0.0,0.0,280.0,0.0,0.0,42.0,583.0,2692.0,87.0,23.0,0.0,0.0,0.0,0.0,0.0,0.0,6325.0,0.0,0.0,0.0,159.0,0.0,2375.0,313.0,28.0,0.0,0.0,33.0,634.0,0.0,47.0,0.0,0.0,613.0,0.0,568.0,0.0,301.0,0.0,0.0,0.0,105.0,0.0,48.0,0.0,224.0,0.0,0.0,108.0,0.0,0.0,840.0,0.0,82.0,169.0,0.0,0.0,0.0,0.0,0.0
Владимирская,0.0,0.0,0.0,0.0,249.0,0.0,57.0,0.0,0.0,0.0,194515.0,0.0,199.0,233.0,0.0,0.0,0.0,159300.0,0.0,0.0,0.0,0.0,0.0,531.0,0.0,0.0,44.0,577.0,89.0,8050.0,306.0,0.0,0.0,0.0,0.0,0.0,28.0,0.0,0.0,14.0,323905.0,2774.0,0.0,0.0,14284.0,235.0,141.0,205.0,0.0,0.0,0.0,684.0,0.0,0.0,82.0,24852.0,213.0,5368.0,0.0,0.0,0.0,759.0,0.0,0.0,349.0,0.0,42.0,369.0,517.0,0.0,0.0,0.0,59.0,291.0,32.0,0.0,0.0,402.0,214.0,0.0,300.0,0.0,59.0,17544.0
Волгоградская,0.0,0.0,129.0,72.0,324.0,65289.0,1037.0,5204.0,0.0,0.0,0.0,86799.0,0.0,17637.0,4310.0,0.0,103.0,0.0,0.0,131.0,0.0,437.0,3078.0,306.0,0.0,0.0,64.0,350.0,67.0,0.0,38050.0,435.0,19526.0,164.0,0.0,0.0,601.0,0.0,0.0,3996.0,84206.0,68.0,144.0,0.0,13428.0,52.0,573.0,457.0,723.0,0.0,5112.0,504.0,0.0,0.0,58921.0,167.0,2688.0,12862.0,15288.0,84.0,0.0,1731.0,2042.0,3025.0,0.0,18843.0,6925.0,2559.0,186.0,287.0,66.0,0.0,598.0,249.0,1527.0,158.0,0.0,2056.0,825.0,453.0,0.0,0.0,1292.0,0.0
Вологодская,0.0,0.0,0.0,0.0,5947.0,0.0,0.0,0.0,0.0,0.0,121.0,0.0,29614.0,151.0,0.0,0.0,0.0,1007.0,0.0,0.0,0.0,301.0,0.0,514.0,0.0,2018.0,84.0,572.0,1231.0,2233.0,191.0,0.0,0.0,0.0,0.0,1587.0,17.0,0.0,0.0,0.0,61777.0,29.0,976.0,0.0,0.0,0.0,28.0,110.0,0.0,0.0,2913.0,362.0,0.0,0.0,225.0,0.0,0.0,62299.0,0.0,0.0,0.0,678.0,0.0,0.0,35.0,70.0,42.0,0.0,0.0,0.0,0.0,0.0,133.0,0.0,0.0,0.0,0.0,0.0,182.0,0.0,0.0,0.0,121.0,21704.0
Воронежская,0.0,0.0,53.0,68.0,334.0,3221.0,810.0,51740.0,909.0,0.0,201.0,15553.0,51.0,40292.0,299.0,0.0,0.0,0.0,223.0,474.0,316.0,787.0,0.0,981.0,0.0,0.0,0.0,40.0,409.0,0.0,19445.0,316.0,16866.0,50.0,20573.0,0.0,15472.0,0.0,0.0,168.0,371427.0,1942.0,496.0,0.0,819.0,71.0,283.0,531.0,134.0,6513.0,758.0,602.0,0.0,0.0,15625.0,2827.0,1595.0,16182.0,6523.0,0.0,52.0,857.0,7964.0,327.0,1582.0,12022.0,22092.0,1206.0,461.0,59.0,2463.0,0.0,672.0,180.0,256.0,0.0,47.0,547.0,763.0,406.0,299.0,0.0,401.0,276.0
Дагестан,0.0,0.0,301.0,0.0,312.0,2970.0,1008.0,0.0,0.0,0.0,0.0,294.0,0.0,436.0,16.0,0.0,0.0,0.0,0.0,68.0,176.0,735.0,0.0,0.0,76.0,0.0,0.0,0.0,0.0,0.0,2339.0,368.0,113.0,0.0,0.0,0.0,42.0,0.0,0.0,100.0,58138.0,0.0,565.0,0.0,220.0,0.0,102.0,104.0,336.0,0.0,0.0,337.0,0.0,0.0,12698.0,138.0,973.0,9573.0,2832.0,0.0,0.0,739.0,0.0,0.0,0.0,1714.0,227.0,1010.0,68.0,0.0,68.0,0.0,1074.0,0.0,228.0,0.0,0.0,5631.0,335.0,0.0,0.0,0.0,1313.0,0.0
Еврейская,0.0,0.0,0.0,818.0,0.0,0.0,350.0,0.0,0.0,42.0,0.0,0.0,0.0,0.0,0.0,175.0,72.0,0.0,0.0,46.0,0.0,0.0,0.0,0.0,0.0,0.0,0.0,0.0,0.0,0.0,0.0,43.0,239.0,0.0,0.0,0.0,0.0,0.0,0.0,0.0,46.0,0.0,0.0,0.0,0.0,0.0,0.0,0.0,0.0,0.0,0.0,0.0,850.0,0.0,0.0,0.0,0.0,0.0,0.0,47.0,0.0,0.0,0.0,0.0,0.0,0.0,0.0,0.0,0.0,0.0,0.0,0.0,0.0,0.0,0.0,1025.0,0.0,0.0,0.0,0.0,0.0,0.0,0.0,0.0
Забайкальский,0.0,0.0,0.0,2319.0,0.0,0.0,763.0,0.0,0.0,5894.0,0.0,59.0,0.0,0.0,0.0,84.0,30814.0,0.0,0.0,9265.0,0.0,96.0,0.0,0.0,0.0,0.0,213.0,0.0,0.0,52.0,816.0,1947.0,279.0,0.0,0.0,0.0,0.0,102.0,0.0,0.0,3008.0,0.0,0.0,0.0,0.0,0.0,1955.0,125.0,0.0,0.0,62.0,94.0,1744.0,0.0,208.0,0.0,75.0,1115.0,0.0,976.0,0.0,805.0,0.0,64.0,0.0,226.0,0.0,225.0,0.0,135.0,0.0,0.0,312.0,0.0,0.0,1490.0,0.0,167.0,138.0,0.0,0.0,0.0,84.0,15.0
Ивановская,0.0,0.0,0.0,0.0,0.0,0.0,56.0,0.0,0.0,0.0,137392.0,0.0,1021.0,0.0,0.0,0.0,0.0,90288.0,0.0,0.0,0.0,0.0,0.0,0.0,0.0,0.0,0.0,0.0,0.0,17550.0,0.0,0.0,1051.0,0.0,0.0,0.0,0.0,0.0,0.0,0.0,157045.0,962.0,0.0,0.0,9563.0,265.0,0.0,0.0,0.0,0.0,0.0,0.0,0.0,0.0,0.0,2914.0,237.0,5302.0,0.0,0.0,0.0,0.0,0.0,0.0,0.0,0.0,0.0,0.0,175.0,0.0,0.0,0.0,0.0,0.0,96.0,0.0,0.0,0.0,0.0,0.0,0.0,0.0,0.0,44943.0
Ингушетия,0.0,0.0,0.0,0.0,0.0,0.0,0.0,0.0,0.0,0.0,0.0,0.0,0.0,124.0,0.0,0.0,0.0,0.0,0.0,63.0,0.0,153.0,0.0,0.0,0.0,0.0,70.0,0.0,47.0,0.0,253.0,67.0,0.0,0.0,0.0,0.0,63.0,0.0,0.0,0.0,21159.0,0.0,0.0,0.0,0.0,0.0,105.0,74.0,0.0,0.0,0.0,165.0,0.0,0.0,1627.0,33.0,105.0,454.0,0.0,0.0,0.0,0.0,0.0,0.0,0.0,35.0,0.0,52.0,0.0,0.0,0.0,0.0,50.0,0.0,54.0,0.0,0.0,596.0,86.0,0.0,0.0,0.0,190.0,0.0
Иркутская,0.0,0.0,913.0,1821.0,2251.0,122.0,2111.0,132.0,0.0,21673.0,53.0,161.0,0.0,343.0,228.0,51.0,9908.0,0.0,0.0,474832.0,0.0,414.0,0.0,92.0,698.0,0.0,2016.0,183.0,0.0,31.0,3251.0,23445.0,815.0,152.0,0.0,0.0,0.0,743.0,0.0,0.0,16371.0,0.0,81.0,0.0,202.0,0.0,12063.0,1750.0,246.0,0.0,89.0,753.0,3079.0,0.0,692.0,0.0,686.0,2418.0,103.0,9265.0,739.0,2443.0,0.0,0.0,0.0,974.0,0.0,941.0,0.0,1844.0,0.0,1043.0,1114.0,194.0,55.0,1531.0,54.0,320.0,844.0,188.0,185.0,0.0,218.0,0.0
Кабардино-Балкарская,0.0,0.0,0.0,0.0,0.0,0.0,0.0,0.0,0.0,0.0,0.0,0.0,0.0,368.0,239.0,0.0,0.0,0.0,0.0,0.0,0.0,80.0,0.0,0.0,0.0,0.0,0.0,0.0,162.0,0.0,13528.0,0.0,0.0,0.0,0.0,0.0,0.0,0.0,0.0,0.0,6984.0,0.0,0.0,0.0,63.0,0.0,0.0,0.0,0.0,0.0,0.0,125.0,0.0,0.0,3801.0,35.0,0.0,382.0,0.0,0.0,0.0,108.0,0.0,23.0,0.0,14895.0,94.0,0.0,56.0,71.0,38.0,0.0,75.0,69.0,0.0,0.0,0.0,0.0,0.0,0.0,0.0,0.0,49.0,0.0
Калининградская,0.0,0.0,466.0,0.0,849.0,251.0,584.0,322.0,0.0,0.0,0.0,443.0,287.0,741.0,428.0,0.0,181.0,0.0,522.0,159.0,0.0,0.0,0.0,160.0,186.0,0.0,329.0,113.0,857.0,0.0,2352.0,108.0,678.0,0.0,0.0,0.0,47.0,64.0,0.0,0.0,55687.0,0.0,922.0,0.0,784.0,0.0,530.0,400.0,343.0,0.0,0.0,548.0,64.0,0.0,987.0,0.0,413.0,23254.0,289.0,48.0,69.0,2361.0,0.0,194.0,0.0,762.0,0.0,896.0,0.0,733.0,0.0,0.0,601.0,259.0,56.0,219.0,0.0,546.0,632.0,103.0,427.0,110.0,272.0,0.0
Калмыкия,0.0,0.0,0.0,0.0,0.0,1987.0,0.0,0.0,0.0,0.0,0.0,999.0,0.0,0.0,1008.0,0.0,0.0,0.0,0.0,0.0,0.0,0.0,0.0,0.0,0.0,0.0,0.0,0.0,0.0,0.0,0.0,0.0,0.0,0.0,0.0,0.0,0.0,0.0,0.0,0.0,8261.0,0.0,0.0,0.0,0.0,0.0,0.0,0.0,0.0,0.0,0.0,0.0,0.0,0.0,3029.0,0.0,0.0,2754.0,0.0,0.0,0.0,0.0,0.0,0.0,0.0,0.0,0.0,0.0,0.0,0.0,0.0,0.0,0.0,0.0,0.0,0.0,0.0,0.0,0.0,0.0,0.0,0.0,0.0,0.0
Калужская,0.0,0.0,0.0,0.0,1445.0,0.0,2000.0,47.0,2831.0,46.0,567.0,211.0,559.0,2966.0,0.0,0.0,18.0,0.0,0.0,181.0,0.0,443.0,0.0,121956.0,0.0,0.0,127.0,36693.0,35049.0,426.0,5079.0,209.0,0.0,0.0,3074.0,71.0,0.0,0.0,0.0,68.0,111639.0,5168.0,0.0,570.0,4039.0,44.0,377.0,299.0,0.0,4027.0,149.0,2259.0,42.0,0.0,1315.0,0.0,497.0,13855.0,185.0,0.0,0.0,2186.0,0.0,0.0,13156.0,259.0,0.0,6116.0,470.0,112.0,85693.0,0.0,850.0,1100.0,183.0,0.0,142.0,770.0,358.0,0.0,0.0,0.0,350.0,541.0
Камчатский,0.0,0.0,0.0,0.0,104.0,0.0,0.0,49.0,0.0,0.0,0.0,0.0,0.0,0.0,70.0,0.0,0.0,0.0,0.0,389.0,0.0,84.0,0.0,0.0,0.0,0.0,0.0,0.0,0.0,0.0,232.0,105.0,156.0,0.0,0.0,0.0,0.0,97.0,0.0,0.0,4931.0,0.0,95.0,0.0,0.0,0.0,1107.0,0.0,0.0,0.0,0.0,0.0,1339.0,0.0,0.0,0.0,0.0,168.0,0.0,65.0,157.0,80.0,0.0,0.0,0.0,0.0,0.0,0.0,0.0,0.0,0.0,0.0,0.0,0.0,0.0,462.0,0.0,0.0,0.0,0.0,0.0,0.0,0.0,0.0
Карелия,0.0,0.0,0.0,0.0,203.0,0.0,0.0,103.0,0.0,0.0,0.0,0.0,9149.0,0.0,0.0,0.0,0.0,0.0,0.0,0.0,0.0,0.0,0.0,102.0,0.0,87424.0,0.0,102.0,0.0,0.0,523.0,0.0,0.0,0.0,84.0,2767.0,0.0,0.0,0.0,0.0,12950.0,0.0,2488.0,0.0,0.0,472.0,0.0,179.0,0.0,94.0,0.0,82.0,0.0,412.0,0.0,0.0,45.0,88829.0,0.0,0.0,0.0,82.0,0.0,0.0,0.0,64.0,0.0,0.0,674.0,0.0,32.0,0.0,66.0,0.0,0.0,0.0,0.0,0.0,124.0,0.0,0.0,0.0,0.0,0.0
Кемеровская,0.0,0.0,9791.0,310.0,0.0,63.0,387.0,0.0,0.0,140.0,20.0,130.0,72.0,119.0,0.0,0.0,262.0,0.0,0.0,1794.0,0.0,259.0,0.0,68.0,0.0,0.0,38661.0,114.0,68.0,0.0,1802.0,14928.0,367.0,368.0,0.0,0.0,0.0,0.0,0.0,0.0,11055.0,0.0,0.0,0.0,466.0,0.0,86286.0,3018.0,183.0,0.0,188.0,357.0,190.0,0.0,472.0,0.0,411.0,1091.0,278.0,65.0,0.0,1892.0,0.0,121.0,0.0,74.0,0.0,711.0,0.0,25473.0,0.0,0.0,1603.0,86.0,0.0,53.0,3567.0,97.0,1459.0,47.0,62.0,0.0,0.0,0.0
Кировская,0.0,0.0,0.0,0.0,1581.0,0.0,2075.0,47.0,0.0,46.0,668.0,211.0,559.0,28.0,0.0,0.0,18.0,0.0,0.0,268.0,0.0,102.0,0.0,7267.0,0.0,0.0,127.0,7322.0,35356.0,518.0,1671.0,209.0,0.0,0.0,0.0,71.0,0.0,0.0,0.0,68.0,42716.0,0.0,0.0,570.0,4696.0,44.0,427.0,331.0,0.0,0.0,198.0,2462.0,42.0,0.0,669.0,0.0,393.0,8080.0,233.0,0.0,0.0,2416.0,0.0,0.0,126.0,259.0,0.0,6166.0,138.0,112.0,0.0,0.0,1025.0,1274.0,183.0,0.0,142.0,1107.0,315.0,0.0,0.0,0.0,399.0,571.0
Коми,0.0,0.0,0.0,0.0,5295.0,69.0,6984.0,127.0,0.0,0.0,76.0,209.0,422.0,395.0,0.0,0.0,0.0,0.0,0.0,136.0,184.0,997.0,0.0,67073.0,246.0,0.0,0.0,67514.0,150995.0,0.0,4461.0,70.0,269.0,76.0,0.0,299.0,0.0,0.0,1040.0,185.0,23988.0,0.0,235.0,121.0,1563.0,0.0,0.0,86.0,0.0,0.0,467.0,1366.0,0.0,0.0,1452.0,0.0,232.0,16910.0,165.0,0.0,0.0,635.0,0.0,0.0,0.0,1177.0,0.0,23273.0,0.0,112.0,0.0,0.0,604.0,0.0,134.0,0.0,0.0,190.0,0.0,176.0,4102.0,58.0,860.0,1486.0
Костромская,0.0,0.0,0.0,0.0,0.0,0.0,0.0,0.0,0.0,0.0,7958.0,0.0,422.0,0.0,0.0,0.0,0.0,10184.0,0.0,0.0,0.0,0.0,0.0,302.0,0.0,0.0,38.0,499.0,0.0,16764.0,0.0,57.0,0.0,0.0,0.0,142.0,0.0,0.0,0.0,0.0,50431.0,93.0,0.0,0.0,1063.0,0.0,26.0,30.0,0.0,0.0,0.0,286.0,47.0,0.0,0.0,0.0,24.0,2725.0,0.0,0.0,0.0,415.0,0.0,0.0,0.0,0.0,0.0,0.0,0.0,0.0,0.0,0.0,199.0,0.0,0.0,0.0,93.0,97.0,27.0,0.0,0.0,0.0,0.0,35950.0
Краснодарский,6673.0,0.0,1869.0,556.0,3730.0,3129.0,8877.0,1743.0,3944.0,509.0,237.0,17464.0,184.0,12522.0,3808.0,0.0,1043.0,0.0,101.0,2760.0,3831.0,2187.0,0.0,4066.0,268.0,237.0,1308.0,1637.0,2900.0,0.0,369495.0,6047.0,65332.0,448.0,1866.0,0.0,2025.0,511.0,0.0,578.0,370729.0,0.0,4596.0,0.0,5978.0,402.0,7764.0,6121.0,3700.0,567.0,1933.0,6528.0,476.0,0.0,86209.0,2218.0,13542.0,78514.0,7968.0,946.0,202.0,25101.0,16542.0,10469.0,814.0,87524.0,1720.0,16169.0,658.0,2507.0,8042.0,0.0,9632.0,1710.0,2799.0,1903.0,494.0,13506.0,7208.0,462.0,939.0,75.0,6435.0,154.0
Красноярский,0.0,754.0,3090.0,772.0,1454.0,233.0,2738.0,666.0,0.0,2749.0,0.0,532.0,0.0,227.0,474.0,49.0,1931.0,0.0,59.0,56273.0,0.0,1349.0,0.0,152.0,159.0,0.0,95582.0,255.0,0.0,0.0,8265.0,460242.0,1080.0,248.0,0.0,0.0,59.0,423.0,0.0,151.0,36515.0,0.0,248.0,0.0,882.0,0.0,21978.0,2753.0,449.0,0.0,198.0,868.0,745.0,0.0,1357.0,0.0,1331.0,5120.0,289.0,4294.0,224.0,3777.0,0.0,99.0,0.0,1591.0,0.0,1823.0,0.0,68638.0,28.0,31396.0,2523.0,237.0,128.0,898.0,65535.0,2631.0,1938.0,181.0,134.0,0.0,584.0,280.0
Крым,0.0,0.0,275.0,1298.0,1101.0,60.0,2380.0,6094.0,0.0,282.0,1007.0,10383.0,0.0,7094.0,0.0,353.0,332.0,0.0,0.0,803.0,0.0,875.0,0.0,0.0,210.0,0.0,224.0,0.0,341.0,0.0,20566.0,1614.0,10172.0,0.0,0.0,0.0,49.0,198.0,0.0,75.0,179239.0,0.0,955.0,62.0,1012.0,0.0,1237.0,1467.0,162.0,1047.0,163.0,1684.0,2845.0,0.0,22086.0,0.0,3491.0,23430.0,676.0,1593.0,102.0,2987.0,7740.0,0.0,0.0,7393.0,0.0,2244.0,0.0,504.0,0.0,0.0,1845.0,530.0,606.0,2569.0,65.0,1775.0,1054.0,0.0,1363.0,0.0,608.0,87.0
Курганская,0.0,0.0,0.0,0.0,0.0,0.0,863.0,77.0,0.0,64.0,0.0,130.0,0.0,139.0,0.0,0.0,24.0,0.0,0.0,128.0,0.0,79.0,0.0,0.0,0.0,0.0,275.0,0.0,0.0,0.0,539.0,82.0,0.0,9522.0,0.0,0.0,0.0,0.0,0.0,76.0,6406.0,0.0,0.0,0.0,43.0,0.0,537.0,672.0,75.0,0.0,31.0,1988.0,0.0,0.0,102.0,0.0,535.0,1073.0,54.0,0.0,0.0,31192.0,0.0,0.0,0.0,275.0,0.0,272.0,0.0,92.0,0.0,0.0,16118.0,0.0,0.0,0.0,0.0,2917.0,13434.0,0.0,57.0,0.0,0.0,0.0
Курская,0.0,0.0,0.0,0.0,0.0,0.0,72.0,616.0,13.0,0.0,0.0,0.0,0.0,652.0,0.0,0.0,0.0,0.0,0.0,0.0,0.0,0.0,0.0,0.0,0.0,64.0,0.0,0.0,0.0,0.0,1804.0,50.0,0.0,0.0,86.0,0.0,0.0,0.0,0.0,0.0,63289.0,485.0,618.0,0.0,0.0,104.0,0.0,0.0,0.0,869.0,0.0,0.0,0.0,0.0,1106.0,0.0,0.0,5974.0,0.0,0.0,0.0,0.0,0.0,0.0,356.0,1215.0,0.0,0.0,254.0,0.0,1360.0,0.0,0.0,0.0,0.0,0.0,0.0,0.0,0.0,0.0,0.0,0.0,0.0,0.0
Ленинградская,0.0,0.0,0.0,0.0,352.0,0.0,0.0,34.0,0.0,0.0,0.0,0.0,917.0,0.0,0.0,0.0,0.0,0.0,0.0,0.0,0.0,0.0,0.0,160.0,0.0,3274.0,36.0,160.0,379.0,29.0,0.0,0.0,0.0,0.0,0.0,4364.0,0.0,0.0,0.0,0.0,4802.0,0.0,532.0,0.0,0.0,4689.0,29.0,113.0,0.0,0.0,0.0,265.0,0.0,8260.0,0.0,0.0,0.0,194651.0,0.0,0.0,0.0,365.0,0.0,0.0,0.0,0.0,0.0,0.0,537.0,0.0,0.0,0.0,62.0,0.0,0.0,0.0,0.0,0.0,158.0,0.0,0.0,0.0,0.0,0.0
Липецкая,0.0,0.0,63.0,63.0,121.0,51.0,200.0,71.0,490.0,0.0,31.0,576.0,22.0,4173.0,263.0,0.0,0.0,0.0,17.0,0.0,91.0,0.0,0.0,0.0,0.0,0.0,0.0,0.0,0.0,0.0,2417.0,56.0,69.0,0.0,0.0,0.0,3160.0,0.0,0.0,0.0,173896.0,0.0,0.0,0.0,60.0,0.0,0.0,0.0,74.0,30.0,2184.0,0.0,0.0,0.0,3839.0,759.0,1225.0,4359.0,458.0,0.0,0.0,410.0,0.0,397.0,34.0,1202.0,2989.0,0.0,332.0,0.0,169.0,0.0,0.0,0.0,0.0,0.0,0.0,0.0,259.0,40.0,0.0,0.0,0.0,16.0
Магаданская,0.0,0.0,0.0,78.0,0.0,0.0,78.0,61.0,0.0,0.0,0.0,73.0,0.0,0.0,0.0,0.0,0.0,0.0,0.0,880.0,0.0,152.0,0.0,0.0,82.0,0.0,0.0,0.0,0.0,0.0,204.0,0.0,290.0,0.0,0.0,0.0,0.0,806.0,0.0,0.0,8338.0,0.0,0.0,0.0,67.0,0.0,964.0,121.0,0.0,0.0,0.0,0.0,1120.0,0.0,422.0,0.0,0.0,286.0,0.0,169.0,0.0,85.0,0.0,0.0,0.0,159.0,0.0,69.0,0.0,0.0,0.0,0.0,0.0,0.0,0.0,1468.0,62.0,0.0,67.0,0.0,0.0,332.0,0.0,0.0
Марий Эл,0.0,0.0,0.0,0.0,0.0,0.0,0.0,0.0,0.0,0.0,0.0,0.0,0.0,0.0,0.0,0.0,0.0,0.0,0.0,0.0,0.0,0.0,0.0,0.0,0.0,0.0,0.0,1048.0,1947.0,0.0,0.0,0.0,0.0,0.0,0.0,0.0,0.0,0.0,0.0,0.0,13090.0,0.0,0.0,0.0,965.0,0.0,0.0,0.0,0.0,0.0,0.0,0.0,0.0,0.0,0.0,0.0,984.0,0.0,2877.0,0.0,0.0,0.0,0.0,0.0,0.0,0.0,0.0,45.0,0.0,0.0,0.0,0.0,0.0,0.0,0.0,0.0,0.0,0.0,0.0,0.0,3001.0,0.0,0.0,0.0
Мордовия,0.0,0.0,0.0,0.0,0.0,0.0,231.0,0.0,0.0,0.0,0.0,23.0,0.0,341.0,0.0,0.0,0.0,30.0,0.0,0.0,112.0,0.0,0.0,42.0,0.0,0.0,0.0,42.0,42.0,0.0,705.0,61.0,175.0,0.0,0.0,0.0,0.0,0.0,0.0,111.0,24570.0,0.0,0.0,0.0,8954.0,0.0,251.0,35.0,211.0,0.0,160.0,82.0,0.0,0.0,126.0,701.0,1405.0,2160.0,0.0,0.0,0.0,771.0,0.0,0.0,0.0,706.0,0.0,694.0,0.0,0.0,0.0,0.0,26.0,129.0,374.0,0.0,0.0,0.0,150.0,0.0,96.0,0.0,0.0,120.0
Москва,33515.0,538.0,12443.0,9706.0,30606.0,279631.0,78897.0,556337.0,199629.0,6498.0,1131538.0,438852.0,79410.0,671649.0,60726.0,0.0,4241.0,388061.0,25784.0,17332.0,16278.0,54421.0,51429.0,596695.0,6741.0,15266.0,11586.0,84747.0,23762.0,89197.0,541836.0,52234.0,375564.0,6891.0,167408.0,5517.0,651995.0,9045.0,84513.0,116663.0,0.0,737450.0,36087.0,1003.0,509076.0,53338.0,38295.0,31366.0,49642.0,250171.0,558859.0,37898.0,19151.0,216567.0,1857020.0,1088114.0,88872.0,2975253.0,421586.0,13232.0,6659.0,71358.0,50118.0,35244.0,591479.0,480421.0,519329.0,178120.0,694721.0,16587.0,851196.0,1873.0,39209.0,24261.0,42615.0,17959.0,2666.0,43325.0,42498.0,13674.0,203601.0,2379.0,33372.0,1436163.0
Московская,0.0,0.0,0.0,0.0,0.0,0.0,0.0,0.0,0.0,0.0,1626.0,27.0,70.0,0.0,0.0,0.0,0.0,0.0,0.0,0.0,0.0,0.0,0.0,7372.0,0.0,0.0,0.0,0.0,0.0,219.0,0.0,0.0,0.0,0.0,704.0,0.0,0.0,0.0,0.0,0.0,192858.0,1911.0,0.0,0.0,1312.0,0.0,0.0,0.0,0.0,1548.0,0.0,0.0,0.0,69.0,0.0,1022.0,0.0,0.0,0.0,0.0,0.0,0.0,0.0,0.0,3375.0,0.0,0.0,0.0,6762.0,0.0,1320.0,0.0,0.0,0.0,0.0,0.0,0.0,0.0,0.0,0.0,0.0,0.0,0.0,28977.0
Мурманская,0.0,0.0,510.0,0.0,4569.0,599.0,993.0,1434.0,0.0,0.0,0.0,277.0,1714.0,632.0,846.0,0.0,57.0,0.0,0.0,0.0,0.0,1216.0,0.0,0.0,118.0,3051.0,56.0,0.0,329.0,0.0,4931.0,151.0,2002.0,0.0,560.0,1173.0,0.0,0.0,0.0,0.0,45038.0,0.0,4038.0,98.0,890.0,736.0,585.0,803.0,212.0,350.0,0.0,180.0,70.0,1356.0,1591.0,0.0,389.0,35674.0,210.0,0.0,0.0,732.0,0.0,106.0,0.0,1464.0,0.0,652.0,921.0,51.0,56.0,0.0,601.0,169.0,150.0,0.0,0.0,207.0,972.0,53.0,0.0,0.0,276.0,118.0
Ненецкий,0.0,0.0,0.0,0.0,1809.0,0.0,236.0,0.0,0.0,0.0,0.0,0.0,0.0,178.0,0.0,0.0,0.0,0.0,0.0,0.0,0.0,0.0,0.0,348.0,0.0,0.0,0.0,348.0,117.0,0.0,0.0,0.0,0.0,0.0,0.0,0.0,0.0,0.0,0.0,0.0,1452.0,0.0,86.0,0.0,0.0,0.0,0.0,0.0,0.0,0.0,0.0,0.0,0.0,0.0,0.0,0.0,0.0,603.0,0.0,0.0,0.0,132.0,0.0,0.0,0.0,65.0,0.0,0.0,0.0,0.0,0.0,0.0,0.0,0.0,0.0,0.0,0.0,0.0,0.0,0.0,0.0,0.0,0.0,0.0
Нижегородская,0.0,0.0,317.0,0.0,501.0,324.0,1691.0,0.0,0.0,52.0,23304.0,13333.0,0.0,699.0,119.0,0.0,0.0,38856.0,0.0,158.0,0.0,653.0,0.0,4149.0,0.0,0.0,523.0,4874.0,1455.0,2971.0,6174.0,754.0,1226.0,0.0,0.0,0.0,78.0,76.0,87.0,5868.0,329398.0,1997.0,533.0,0.0,61643.0,447.0,464.0,550.0,144.0,0.0,28057.0,2999.0,18.0,0.0,3428.0,6245.0,10664.0,15852.0,13255.0,145.0,66.0,2803.0,0.0,331.0,256.0,973.0,127.0,56802.0,845.0,108.0,0.0,0.0,1288.0,1444.0,3744.0,51.0,98.0,791.0,1164.0,313.0,17221.0,0.0,718.0,7426.0
Новгородская,0.0,0.0,0.0,0.0,0.0,94.0,18.0,261.0,39.0,0.0,218.0,0.0,0.0,234.0,17.0,0.0,0.0,0.0,0.0,0.0,0.0,0.0,0.0,0.0,0.0,554.0,0.0,0.0,0.0,0.0,335.0,0.0,0.0,0.0,52.0,10798.0,51.0,0.0,0.0,0.0,13448.0,0.0,213.0,0.0,515.0,40246.0,0.0,0.0,0.0,102.0,0.0,0.0,0.0,5731.0,41.0,74.0,138.0,177325.0,109.0,0.0,0.0,0.0,0.0,0.0,110.0,67.0,115.0,45.0,3838.0,0.0,28.0,0.0,0.0,0.0,0.0,0.0,0.0,0.0,0.0,0.0,110.0,0.0,0.0,348.0
Новосибирская,0.0,2171.0,17091.0,1584.0,3657.0,106.0,2502.0,329.0,0.0,2035.0,196.0,258.0,0.0,220.0,159.0,35.0,2209.0,0.0,55.0,12960.0,0.0,590.0,0.0,375.0,1453.0,0.0,109609.0,399.0,0.0,160.0,8321.0,21827.0,822.0,697.0,0.0,0.0,47.0,1559.0,0.0,178.0,39324.0,0.0,207.0,0.0,757.0,0.0,12639.0,14084.0,176.0,0.0,143.0,1881.0,1419.0,0.0,2742.0,0.0,1473.0,10011.0,169.0,8900.0,1014.0,6186.0,0.0,202.0,93.0,1091.0,84.0,2066.0,0.0,37619.0,0.0,1575.0,5695.0,403.0,0.0,1230.0,3584.0,14362.0,3391.0,0.0,245.0,58.0,6473.0,467.0
Омская,0.0,0.0,3105.0,99.0,187.0,227.0,1040.0,239.0,0.0,256.0,240.0,1019.0,0.0,469.0,454.0,0.0,305.0,0.0,125.0,1726.0,0.0,598.0,0.0,202.0,83.0,97.0,2980.0,274.0,0.0,46.0,5992.0,3217.0,1124.0,1027.0,0.0,176.0,202.0,128.0,0.0,121.0,32386.0,0.0,435.0,0.0,741.0,0.0,14702.0,15385.0,43.0,0.0,73.0,971.0,173.0,0.0,732.0,0.0,1135.0,7985.0,292.0,133.0,164.0,7413.0,0.0,71.0,39.0,1601.0,93.0,1883.0,0.0,1106.0,0.0,0.0,28541.0,135.0,0.0,251.0,481.0,37185.0,2738.0,246.0,297.0,0.0,3580.0,315.0
Оренбургская,0.0,0.0,153.0,86.0,77.0,37.0,14608.0,0.0,0.0,0.0,0.0,877.0,0.0,57.0,324.0,0.0,0.0,24.0,0.0,170.0,0.0,579.0,0.0,0.0,0.0,0.0,0.0,0.0,0.0,0.0,3939.0,266.0,256.0,45.0,0.0,0.0,0.0,0.0,0.0,143.0,41495.0,0.0,448.0,0.0,51.0,0.0,107.0,73.0,7054.0,0.0,528.0,0.0,0.0,0.0,362.0,967.0,5345.0,9321.0,921.0,96.0,0.0,5499.0,0.0,0.0,0.0,1108.0,119.0,24771.0,0.0,0.0,37.0,0.0,884.0,0.0,207.0,75.0,0.0,2866.0,5227.0,99.0,0.0,0.0,1568.0,122.0
Орловская,0.0,0.0,0.0,0.0,0.0,0.0,0.0,716.0,16.0,0.0,0.0,0.0,0.0,242.0,0.0,0.0,0.0,0.0,0.0,0.0,0.0,0.0,0.0,0.0,0.0,54.0,0.0,0.0,0.0,0.0,1546.0,47.0,996.0,0.0,6168.0,0.0,69.0,0.0,0.0,0.0,51221.0,1072.0,81.0,0.0,0.0,87.0,0.0,0.0,0.0,19.0,0.0,0.0,0.0,0.0,1304.0,0.0,0.0,2724.0,24.0,0.0,0.0,0.0,0.0,0.0,1017.0,88.0,0.0,0.0,246.0,0.0,1486.0,0.0,0.0,0.0,0.0,0.0,0.0,0.0,0.0,0.0,0.0,0.0,0.0,0.0
Пензенская,0.0,0.0,67.0,0.0,36.0,0.0,738.0,89.0,0.0,0.0,0.0,5968.0,6124.0,357.0,0.0,0.0,0.0,0.0,49.0,0.0,0.0,0.0,0.0,196.0,0.0,0.0,61.0,148.0,109.0,0.0,1993.0,287.0,222.0,33.0,0.0,0.0,1094.0,0.0,1000.0,5202.0,111300.0,0.0,0.0,0.0,14440.0,0.0,65.0,117.0,379.0,0.0,55534.0,192.0,0.0,0.0,1302.0,2437.0,10797.0,1629.0,41774.0,0.0,0.0,527.0,0.0,0.0,0.0,1266.0,8361.0,728.0,87.0,42.0,145.0,0.0,71.0,50.0,22523.0,0.0,0.0,341.0,406.0,0.0,203.0,0.0,56.0,0.0
Пермский,0.0,0.0,51.0,0.0,394.0,179.0,35508.0,74.0,0.0,48.0,694.0,882.0,371.0,535.0,428.0,0.0,58.0,0.0,0.0,324.0,0.0,586.0,0.0,2732.0,0.0,76.0,330.0,2896.0,539.0,223.0,6889.0,869.0,1219.0,4069.0,0.0,222.0,0.0,46.0,991.0,142.0,36295.0,0.0,110.0,0.0,3104.0,0.0,1519.0,716.0,7778.0,0.0,419.0,180579.0,0.0,0.0,1617.0,0.0,890.0,10555.0,346.0,354.0,0.0,98657.0,0.0,0.0,44.0,927.0,0.0,53680.0,45.0,85.0,0.0,0.0,3819.0,43957.0,255.0,53.0,61.0,4445.0,10416.0,75.0,355.0,0.0,3178.0,468.0
Приморский,0.0,0.0,0.0,4933.0,118.0,72.0,1048.0,0.0,2065.0,927.0,0.0,57.0,0.0,0.0,74.0,1012.0,957.0,0.0,0.0,1613.0,0.0,126.0,0.0,45.0,1624.0,0.0,212.0,45.0,0.0,0.0,415.0,537.0,3615.0,0.0,0.0,0.0,0.0,717.0,0.0,0.0,16687.0,0.0,60.0,0.0,0.0,0.0,694.0,156.0,0.0,0.0,0.0,0.0,53742.0,0.0,85.0,0.0,61.0,930.0,0.0,355.0,2728.0,709.0,0.0,0.0,0.0,244.0,0.0,0.0,0.0,33.0,0.0,0.0,66.0,0.0,0.0,27113.0,0.0,111.0,0.0,0.0,0.0,0.0,51.0,0.0
Псковская,0.0,0.0,0.0,0.0,0.0,0.0,0.0,0.0,0.0,0.0,0.0,0.0,0.0,0.0,0.0,0.0,0.0,0.0,0.0,0.0,0.0,0.0,0.0,0.0,0.0,253.0,0.0,0.0,0.0,0.0,0.0,0.0,0.0,0.0,2005.0,13344.0,0.0,0.0,0.0,0.0,96983.0,57.0,448.0,0.0,0.0,6131.0,0.0,0.0,0.0,989.0,0.0,0.0,0.0,204898.0,0.0,0.0,0.0,228048.0,0.0,0.0,0.0,0.0,0.0,0.0,9137.0,0.0,0.0,0.0,15615.0,0.0,0.0,0.0,0.0,0.0,0.0,0.0,0.0,0.0,0.0,0.0,0.0,0.0,0.0,0.0
Ростовская,7610.0,0.0,142.0,329.0,518.0,34486.0,2730.0,22328.0,506.0,62.0,103.0,106917.0,52.0,46436.0,32677.0,0.0,132.0,0.0,7245.0,683.0,11441.0,937.0,5790.0,1421.0,54.0,0.0,213.0,542.0,962.0,0.0,232939.0,1321.0,128043.0,42.0,5150.0,0.0,5140.0,0.0,0.0,288.0,865160.0,0.0,1460.0,0.0,3795.0,53.0,2992.0,533.0,447.0,2502.0,1303.0,1310.0,0.0,84.0,317265.0,1457.0,4256.0,32322.0,13965.0,855.0,55.0,3077.0,54234.0,4397.0,430.0,144820.0,594.0,4101.0,316.0,116.0,1782.0,0.0,2477.0,256.0,173.0,362.0,120.0,2597.0,2447.0,4558.0,437.0,70.0,1691.0,153.0
Рязанская,0.0,0.0,0.0,0.0,37.0,122.0,401.0,1014.0,0.0,0.0,15653.0,361.0,35.0,2847.0,151.0,0.0,0.0,0.0,46.0,0.0,154.0,0.0,0.0,0.0,0.0,0.0,0.0,0.0,0.0,0.0,1952.0,0.0,0.0,52.0,1028.0,0.0,5965.0,0.0,0.0,1038.0,234719.0,9641.0,0.0,0.0,1239.0,33.0,0.0,0.0,790.0,1014.0,535.0,0.0,0.0,0.0,1350.0,60324.0,1475.0,4208.0,701.0,0.0,0.0,0.0,0.0,195.0,30.0,935.0,1321.0,335.0,374.0,0.0,17434.0,0.0,0.0,0.0,908.0,0.0,0.0,0.0,367.0,190.0,0.0,0.0,0.0,27.0
Самарская,0.0,0.0,168.0,177.0,310.0,1350.0,6897.0,726.0,0.0,0.0,173.0,3306.0,0.0,2566.0,1210.0,0.0,210.0,363.0,117.0,813.0,0.0,501.0,0.0,496.0,0.0,0.0,299.0,513.0,311.0,59.0,14348.0,1404.0,3072.0,666.0,0.0,0.0,121.0,0.0,1987.0,1399.0,81016.0,64.0,215.0,51.0,10373.0,204.0,1460.0,947.0,10834.0,0.0,9031.0,2074.0,0.0,0.0,4320.0,1394.0,2851.0,23941.0,13900.0,273.0,71.0,5570.0,0.0,106.0,98.0,3262.0,429.0,51396.0,158.0,214.0,276.0,0.0,1863.0,3207.0,24185.0,128.0,0.0,6605.0,2919.0,228.0,997.0,0.0,1754.0,378.0
Санкт-Петербург,0.0,55.0,2343.0,850.0,24603.0,5325.0,15622.0,16270.0,7060.0,469.0,4742.0,28085.0,115221.0,21059.0,10674.0,0.0,917.0,7380.0,642.0,2760.0,739.0,23666.0,4086.0,13079.0,93.0,125859.0,861.0,8391.0,17395.0,3998.0,84435.0,6756.0,25409.0,615.0,8375.0,793587.0,5816.0,167.0,0.0,2403.0,2526353.0,0.0,33065.0,842.0,17858.0,373996.0,10307.0,7974.0,10066.0,4003.0,1974.0,9418.0,1083.0,614379.0,41142.0,4105.0,24378.0,75.0,7331.0,2100.0,268.0,22317.0,0.0,4833.0,237990.0,35064.0,4706.0,25263.0,47964.0,2084.0,9181.0,0.0,8464.0,5848.0,1989.0,1207.0,313.0,10323.0,12704.0,1450.0,10748.0,48.0,8670.0,13442.0
Саратовская,0.0,0.0,69.0,0.0,0.0,2032.0,1362.0,2242.0,431.0,0.0,0.0,55096.0,0.0,24135.0,4158.0,0.0,0.0,0.0,0.0,198.0,0.0,0.0,0.0,195.0,0.0,0.0,103.0,195.0,163.0,0.0,14049.0,231.0,1309.0,124.0,3993.0,0.0,317.0,0.0,3068.0,1987.0,105500.0,2063.0,150.0,0.0,22052.0,236.0,286.0,366.0,1212.0,78.0,51007.0,510.0,0.0,0.0,9555.0,356.0,21453.0,5763.0,108522.0,122.0,123.0,904.0,0.0,0.0,40.0,13782.0,2672.0,2434.0,149.0,108.0,0.0,0.0,324.0,225.0,5722.0,62.0,0.0,1300.0,868.0,48.0,7024.0,0.0,629.0,0.0
Саха /Якутия/,0.0,0.0,0.0,3024.0,1575.0,101.0,706.0,0.0,0.0,1344.0,0.0,64.0,0.0,43.0,85.0,181.0,771.0,0.0,0.0,9891.0,0.0,0.0,0.0,0.0,0.0,0.0,178.0,0.0,0.0,0.0,1582.0,5255.0,1661.0,0.0,0.0,0.0,0.0,76.0,0.0,0.0,12374.0,0.0,0.0,0.0,104.0,0.0,10882.0,625.0,174.0,0.0,0.0,168.0,548.0,0.0,728.0,0.0,322.0,2388.0,107.0,12997.0,0.0,798.0,0.0,0.0,0.0,163.0,0.0,224.0,0.0,0.0,0.0,0.0,161.0,0.0,55.0,3495.0,0.0,256.0,542.0,0.0,116.0,0.0,0.0,0.0
Сахалинская,0.0,0.0,0.0,557.0,0.0,0.0,557.0,0.0,0.0,0.0,0.0,0.0,0.0,70.0,64.0,0.0,0.0,0.0,0.0,560.0,0.0,0.0,0.0,0.0,245.0,0.0,0.0,0.0,0.0,0.0,243.0,182.0,214.0,0.0,0.0,0.0,0.0,101.0,0.0,0.0,7154.0,0.0,0.0,0.0,63.0,0.0,691.0,0.0,0.0,0.0,0.0,0.0,3003.0,0.0,0.0,0.0,0.0,0.0,0.0,253.0,3059.0,47.0,0.0,0.0,0.0,0.0,0.0,0.0,0.0,0.0,0.0,0.0,105.0,0.0,0.0,6562.0,0.0,0.0,222.0,0.0,0.0,0.0,0.0,0.0
Свердловская,0.0,125.0,2051.0,1907.0,510.0,325.0,162801.0,260.0,0.0,222.0,1003.0,1490.0,662.0,1309.0,483.0,0.0,849.0,0.0,105.0,2100.0,104.0,14827.0,0.0,2996.0,138.0,70.0,1606.0,3346.0,692.0,551.0,23942.0,3319.0,3940.0,181720.0,0.0,286.0,642.0,57.0,0.0,810.0,67235.0,0.0,893.0,85.0,3126.0,47.0,6227.0,6425.0,5196.0,0.0,2747.0,159594.0,462.0,0.0,3344.0,0.0,5357.0,21163.0,909.0,801.0,80.0,698654.0,0.0,401.0,382.0,4390.0,0.0,14683.0,105.0,1079.0,0.0,66.0,62135.0,6042.0,958.0,756.0,330.0,29222.0,414635.0,112.0,901.0,0.0,12867.0,866.0
Севастополь,0.0,0.0,0.0,0.0,0.0,21150.0,0.0,2048.0,0.0,0.0,0.0,2002.0,0.0,5820.0,0.0,0.0,0.0,0.0,0.0,0.0,0.0,0.0,0.0,0.0,0.0,0.0,0.0,0.0,0.0,0.0,83280.0,0.0,58788.0,0.0,0.0,0.0,0.0,0.0,0.0,0.0,4132.0,0.0,0.0,0.0,0.0,0.0,0.0,0.0,0.0,0.0,0.0,0.0,0.0,0.0,18172.0,0.0,0.0,0.0,0.0,0.0,0.0,0.0,0.0,0.0,0.0,8284.0,0.0,0.0,0.0,0.0,0.0,0.0,0.0,0.0,0.0,0.0,0.0,0.0,0.0,0.0,0.0,0.0,0.0,0.0
Северная Осетия - Алания,0.0,0.0,64.0,0.0,0.0,1934.0,129.0,133.0,0.0,95.0,0.0,1967.0,0.0,366.0,0.0,0.0,130.0,0.0,0.0,0.0,0.0,265.0,0.0,0.0,0.0,0.0,0.0,0.0,0.0,0.0,23500.0,0.0,83.0,0.0,0.0,0.0,150.0,0.0,0.0,0.0,20437.0,0.0,147.0,0.0,46.0,0.0,112.0,126.0,235.0,0.0,0.0,0.0,0.0,0.0,4876.0,0.0,176.0,4676.0,0.0,0.0,0.0,353.0,0.0,997.0,0.0,7928.0,100.0,76.0,30.0,0.0,37.0,0.0,102.0,62.0,101.0,0.0,0.0,52.0,0.0,0.0,0.0,0.0,95.0,0.0
Смоленская,0.0,0.0,0.0,0.0,23.0,0.0,0.0,3979.0,101.0,0.0,333.0,0.0,35.0,2389.0,0.0,0.0,0.0,0.0,0.0,0.0,0.0,0.0,0.0,11425.0,0.0,0.0,0.0,112.0,0.0,0.0,943.0,0.0,0.0,0.0,3266.0,1040.0,119.0,0.0,0.0,0.0,144657.0,2874.0,0.0,0.0,227.0,97.0,34.0,102.0,0.0,6994.0,0.0,111.0,0.0,13123.0,435.0,0.0,36.0,157099.0,62.0,0.0,0.0,225.0,0.0,0.0,289952.0,0.0,36.0,0.0,15518.0,0.0,125.0,0.0,92.0,0.0,0.0,0.0,0.0,0.0,0.0,0.0,0.0,0.0,0.0,111.0
Ставропольский,4908.0,0.0,321.0,141.0,944.0,17127.0,2100.0,172.0,420.0,136.0,0.0,31316.0,78.0,12332.0,4066.0,0.0,152.0,0.0,41.0,1068.0,48042.0,631.0,2021.0,208.0,136.0,83.0,408.0,249.0,1288.0,0.0,147780.0,1342.0,23357.0,185.0,1545.0,0.0,1153.0,117.0,0.0,1024.0,195606.0,0.0,1209.0,0.0,1088.0,0.0,1563.0,1143.0,1123.0,43.0,1521.0,1028.0,199.0,0.0,69351.0,1191.0,3042.0,27131.0,5113.0,223.0,87.0,3954.0,6142.0,21052.0,0.0,188099.0,411.0,3180.0,304.0,497.0,2449.0,0.0,3416.0,447.0,895.0,409.0,202.0,4685.0,1381.0,403.0,0.0,0.0,2166.0,0.0
Тамбовская,0.0,0.0,0.0,0.0,57.0,207.0,72.0,226.0,0.0,0.0,19.0,6466.0,52.0,30279.0,89.0,0.0,0.0,0.0,0.0,0.0,0.0,0.0,0.0,0.0,0.0,0.0,0.0,0.0,0.0,0.0,1251.0,0.0,0.0,0.0,0.0,0.0,25927.0,0.0,0.0,0.0,101358.0,0.0,58.0,0.0,81.0,95.0,0.0,0.0,0.0,0.0,3198.0,0.0,0.0,0.0,677.0,5779.0,464.0,3075.0,1866.0,0.0,0.0,0.0,0.0,99.0,0.0,560.0,69681.0,0.0,228.0,0.0,2926.0,0.0,0.0,0.0,0.0,0.0,0.0,0.0,131.0,0.0,0.0,0.0,0.0,71.0
Татарстан,0.0,83.0,952.0,207.0,292.0,2021.0,112745.0,403.0,0.0,0.0,392.0,2798.0,0.0,859.0,1828.0,0.0,198.0,1978.0,82.0,825.0,0.0,891.0,988.0,16826.0,0.0,0.0,477.0,16942.0,13922.0,0.0,13877.0,905.0,1828.0,310.0,0.0,0.0,0.0,57.0,1021.0,542.0,146128.0,0.0,418.0,0.0,31536.0,100.0,2198.0,1759.0,22454.0,0.0,657.0,46921.0,0.0,0.0,5049.0,365.0,42149.0,22004.0,4682.0,420.0,0.0,11578.0,0.0,133.0,0.0,2809.0,0.0,159145.0,223.0,809.0,0.0,0.0,3101.0,37457.0,65257.0,74.0,0.0,7900.0,18754.0,254.0,63602.0,0.0,5068.0,627.0
Тверская,0.0,0.0,0.0,0.0,0.0,101.0,0.0,364.0,671.0,0.0,533.0,299.0,0.0,726.0,0.0,0.0,0.0,3233.0,0.0,0.0,67.0,0.0,0.0,593.0,0.0,522.0,0.0,230.0,0.0,0.0,468.0,0.0,0.0,0.0,244.0,2428.0,199.0,0.0,0.0,0.0,148728.0,2090.0,676.0,0.0,1024.0,2903.0,0.0,0.0,0.0,284.0,87.0,111.0,0.0,5828.0,622.0,501.0,76.0,31563.0,130.0,0.0,0.0,139.0,0.0,32.0,349.0,443.0,145.0,207.0,752888.0,0.0,730.0,0.0,0.0,0.0,0.0,0.0,0.0,0.0,77.0,0.0,167.0,0.0,0.0,5389.0
Томская,0.0,0.0,14376.0,0.0,76.0,0.0,320.0,125.0,0.0,259.0,0.0,344.0,0.0,21.0,0.0,0.0,156.0,0.0,0.0,1459.0,0.0,802.0,0.0,0.0,0.0,0.0,131604.0,0.0,0.0,0.0,3880.0,49182.0,896.0,42.0,0.0,0.0,125.0,0.0,0.0,0.0,15539.0,0.0,0.0,0.0,183.0,0.0,63943.0,1221.0,61.0,0.0,44.0,103.0,21.0,0.0,221.0,0.0,202.0,1985.0,120.0,0.0,0.0,1225.0,0.0,0.0,0.0,559.0,0.0,701.0,0.0,14285.0,0.0,0.0,995.0,97.0,0.0,0.0,7128.0,1498.0,356.0,0.0,0.0,0.0,236.0,0.0
Тульская,0.0,0.0,0.0,0.0,0.0,65.0,66.0,1380.0,0.0,0.0,0.0,145.0,0.0,11094.0,66.0,0.0,0.0,0.0,0.0,0.0,23.0,0.0,0.0,34485.0,0.0,28.0,0.0,0.0,0.0,0.0,3364.0,0.0,0.0,0.0,1366.0,0.0,4143.0,0.0,0.0,0.0,235923.0,976.0,102.0,0.0,0.0,112.0,0.0,0.0,113.0,7706.0,112.0,0.0,0.0,0.0,17981.0,9215.0,166.0,8672.0,35.0,0.0,0.0,0.0,0.0,67.0,56.0,2544.0,4106.0,0.0,718.0,0.0,59729.0,0.0,0.0,0.0,0.0,0.0,0.0,0.0,75.0,0.0,0.0,0.0,0.0,0.0
Тыва,0.0,0.0,0.0,0.0,0.0,0.0,0.0,0.0,0.0,0.0,0.0,0.0,0.0,0.0,0.0,0.0,0.0,0.0,0.0,774.0,0.0,0.0,0.0,0.0,0.0,0.0,0.0,0.0,0.0,0.0,0.0,33041.0,0.0,0.0,0.0,0.0,0.0,0.0,0.0,0.0,1260.0,0.0,0.0,0.0,0.0,0.0,1703.0,0.0,0.0,0.0,0.0,0.0,0.0,0.0,0.0,0.0,0.0,0.0,0.0,0.0,0.0,0.0,0.0,0.0,0.0,0.0,0.0,61.0,0.0,53.0,0.0,1022.0,54.0,0.0,0.0,0.0,15371.0,0.0,0.0,0.0,0.0,0.0,0.0,0.0
Тюменская,0.0,0.0,2004.0,109.0,716.0,498.0,5245.0,129.0,0.0,168.0,220.0,1083.0,143.0,711.0,1766.0,0.0,160.0,0.0,0.0,984.0,43.0,743.0,0.0,798.0,0.0,135.0,3550.0,1057.0,970.0,166.0,9201.0,2471.0,2087.0,48190.0,0.0,26.0,0.0,0.0,0.0,102.0,37928.0,0.0,154.0,0.0,1530.0,0.0,7604.0,39706.0,1712.0,0.0,104.0,3853.0,72.0,0.0,2575.0,0.0,2157.0,7977.0,572.0,82.0,184.0,56685.0,0.0,0.0,148.0,3847.0,0.0,3430.0,0.0,835.0,0.0,0.0,76955.0,700.0,206.0,112.0,260.0,69413.0,11617.0,364.0,645.0,0.0,31641.0,67.0
Удмуртская,0.0,0.0,26.0,71.0,69.0,0.0,13383.0,0.0,0.0,0.0,161.0,379.0,64.0,81.0,0.0,0.0,0.0,0.0,0.0,155.0,0.0,290.0,0.0,949.0,0.0,0.0,19.0,986.0,0.0,0.0,1604.0,278.0,540.0,0.0,0.0,0.0,0.0,0.0,0.0,141.0,21951.0,0.0,125.0,0.0,1169.0,0.0,234.0,102.0,1969.0,0.0,203.0,71714.0,0.0,0.0,296.0,0.0,4339.0,4639.0,259.0,0.0,0.0,4713.0,0.0,0.0,0.0,597.0,0.0,43591.0,70.0,79.0,0.0,0.0,570.0,72426.0,369.0,0.0,40.0,925.0,159.0,0.0,51.0,0.0,765.0,0.0
Ульяновская,0.0,0.0,0.0,0.0,79.0,81.0,1042.0,126.0,0.0,0.0,118.0,793.0,0.0,125.0,220.0,0.0,0.0,174.0,0.0,67.0,0.0,164.0,0.0,0.0,0.0,0.0,0.0,50.0,119.0,0.0,3071.0,0.0,388.0,0.0,0.0,0.0,0.0,0.0,0.0,285.0,34386.0,0.0,222.0,0.0,985.0,39.0,0.0,0.0,41.0,0.0,0.0,296.0,0.0,0.0,105.0,1185.0,1353.0,2218.0,707.0,54.0,0.0,576.0,0.0,103.0,44.0,1059.0,0.0,1323.0,0.0,140.0,0.0,0.0,275.0,411.0,325.0,50.0,0.0,417.0,478.0,0.0,0.0,0.0,159.0,192.0
Хабаровский,0.0,0.0,0.0,11000.0,501.0,71.0,5352.0,0.0,0.0,1563.0,0.0,179.0,0.0,0.0,0.0,1081.0,1417.0,0.0,0.0,1341.0,0.0,275.0,0.0,0.0,1025.0,0.0,116.0,0.0,59.0,0.0,1748.0,1224.0,2745.0,0.0,0.0,0.0,0.0,1252.0,0.0,0.0,18921.0,0.0,0.0,0.0,90.0,0.0,2150.0,240.0,208.0,0.0,0.0,64.0,28385.0,0.0,752.0,0.0,183.0,1749.0,0.0,2910.0,7234.0,714.0,0.0,0.0,0.0,274.0,0.0,47.0,0.0,0.0,0.0,0.0,166.0,0.0,46.0,23479.0,0.0,65.0,145.0,0.0,56.0,456.0,0.0,0.0
Хакасия,0.0,0.0,1262.0,0.0,0.0,0.0,0.0,0.0,0.0,0.0,0.0,0.0,0.0,79.0,0.0,0.0,0.0,0.0,0.0,55.0,0.0,0.0,0.0,51.0,0.0,0.0,3013.0,51.0,0.0,0.0,509.0,25211.0,0.0,0.0,0.0,0.0,0.0,0.0,0.0,0.0,2896.0,0.0,0.0,0.0,78.0,0.0,3035.0,239.0,0.0,0.0,0.0,158.0,0.0,0.0,62.0,0.0,0.0,422.0,0.0,62.0,0.0,365.0,0.0,0.0,0.0,84.0,0.0,0.0,0.0,6992.0,0.0,6824.0,310.0,55.0,0.0,0.0,0.0,150.0,0.0,0.0,0.0,0.0,0.0,0.0
Ханты-Мансийский Автономный округ - Югра,0.0,0.0,706.0,53.0,114.0,530.0,34346.0,1202.0,0.0,0.0,10607.0,2823.0,76.0,557.0,6579.0,0.0,106.0,0.0,910.0,248.0,0.0,496.0,0.0,745.0,0.0,121.0,271.0,1209.0,141.0,32.0,14388.0,2286.0,2285.0,10153.0,0.0,0.0,0.0,0.0,0.0,0.0,49346.0,0.0,122.0,68.0,1612.0,0.0,15873.0,33867.0,3143.0,0.0,366.0,4126.0,122.0,0.0,2705.0,0.0,9394.0,10935.0,1866.0,164.0,0.0,30205.0,0.0,300.0,0.0,4994.0,290.0,10043.0,0.0,983.0,0.0,0.0,100825.0,674.0,665.0,164.0,57.0,350058.0,9250.0,352.0,400.0,0.0,8482.0,0.0
Челябинская,0.0,0.0,0.0,133.0,377.0,297.0,27421.0,457.0,0.0,142.0,73.0,811.0,116.0,1088.0,185.0,45.0,268.0,0.0,0.0,570.0,0.0,6940.0,0.0,587.0,129.0,112.0,1023.0,570.0,0.0,0.0,7463.0,1763.0,1195.0,64792.0,0.0,102.0,262.0,369.0,0.0,209.0,42799.0,0.0,784.0,0.0,1336.0,0.0,3351.0,2618.0,5663.0,0.0,429.0,28844.0,152.0,0.0,1923.0,274.0,2977.0,12397.0,1165.0,321.0,0.0,312990.0,0.0,97.0,67.0,1296.0,94.0,24057.0,76.0,289.0,74.0,0.0,14984.0,344.0,694.0,194.0,0.0,7938.0,321961.0,228.0,83.0,0.0,3053.0,0.0
Чеченская,0.0,0.0,0.0,0.0,52.0,781.0,366.0,93.0,0.0,0.0,0.0,438.0,0.0,207.0,0.0,0.0,0.0,0.0,0.0,0.0,0.0,146.0,0.0,0.0,0.0,0.0,0.0,0.0,75.0,0.0,632.0,332.0,44.0,0.0,0.0,0.0,102.0,0.0,0.0,0.0,11340.0,0.0,46.0,0.0,1074.0,0.0,0.0,0.0,103.0,0.0,67.0,0.0,0.0,0.0,4466.0,284.0,275.0,1166.0,0.0,0.0,0.0,54.0,0.0,0.0,0.0,243.0,0.0,156.0,0.0,0.0,0.0,0.0,195.0,0.0,0.0,59.0,0.0,398.0,150.0,0.0,0.0,0.0,152.0,0.0
Чувашская Республика,0.0,0.0,40.0,110.0,0.0,0.0,2120.0,0.0,0.0,0.0,266.0,73.0,0.0,315.0,0.0,0.0,0.0,3031.0,0.0,36.0,0.0,0.0,0.0,0.0,0.0,0.0,70.0,52.0,4766.0,0.0,1345.0,153.0,1154.0,75.0,0.0,0.0,0.0,0.0,5979.0,100.0,59782.0,0.0,0.0,0.0,14749.0,118.0,131.0,103.0,0.0,0.0,199.0,1181.0,0.0,0.0,363.0,0.0,0.0,4680.0,60.0,128.0,0.0,506.0,0.0,0.0,0.0,0.0,0.0,25965.0,40.0,0.0,0.0,0.0,354.0,194.0,0.0,0.0,0.0,161.0,18.0,0.0,5068.0,0.0,0.0,972.0
Чукотский,0.0,0.0,0.0,0.0,0.0,0.0,0.0,0.0,0.0,0.0,0.0,0.0,0.0,0.0,0.0,0.0,0.0,0.0,0.0,0.0,0.0,55.0,0.0,0.0,0.0,0.0,0.0,0.0,0.0,0.0,0.0,0.0,0.0,0.0,0.0,0.0,0.0,53.0,0.0,0.0,3149.0,0.0,0.0,0.0,0.0,0.0,0.0,0.0,0.0,0.0,0.0,0.0,0.0,0.0,0.0,0.0,0.0,67.0,0.0,59.0,0.0,0.0,0.0,0.0,0.0,0.0,0.0,0.0,0.0,0.0,0.0,0.0,0.0,0.0,0.0,383.0,0.0,0.0,0.0,0.0,0.0,0.0,0.0,0.0
Ямало-Ненецкий,0.0,0.0,0.0,0.0,446.0,181.0,12286.0,2009.0,0.0,463.0,169.0,1475.0,148.0,474.0,1414.0,0.0,74.0,0.0,361.0,202.0,0.0,167.0,0.0,572.0,0.0,0.0,0.0,813.0,848.0,0.0,6753.0,871.0,1414.0,81.0,0.0,0.0,0.0,0.0,0.0,109.0,38895.0,0.0,182.0,0.0,611.0,0.0,8300.0,5247.0,2653.0,0.0,300.0,3665.0,0.0,0.0,2118.0,0.0,2159.0,8679.0,668.0,168.0,0.0,13223.0,0.0,0.0,0.0,3296.0,71.0,7306.0,0.0,282.0,0.0,0.0,36558.0,1050.0,162.0,85.0,72.0,10803.0,4884.0,165.0,0.0,0.0,19741.0,84.0
Ярославская,0.0,0.0,0.0,0.0,2726.0,0.0,134.0,0.0,0.0,0.0,12914.0,0.0,9158.0,65.0,0.0,0.0,0.0,43873.0,0.0,0.0,0.0,0.0,0.0,355.0,0.0,0.0,36.0,400.0,1338.0,51241.0,68.0,84.0,0.0,0.0,0.0,0.0,70.0,0.0,0.0,34.0,384970.0,1226.0,0.0,0.0,10346.0,116.0,219.0,190.0,0.0,0.0,0.0,464.0,44.0,0.0,151.0,29.0,463.0,12427.0,0.0,0.0,0.0,762.0,0.0,0.0,134.0,0.0,67.0,1634.0,1377.0,0.0,0.0,0.0,147.0,61.0,70.0,0.0,36.0,0.0,0.0,0.0,0.0,0.0,33.0,88694.0
