city,lat,long
Адыгейск,44.8783715,39.190172
Майкоп,44.6098268,40.1006527
Горно-Алтайск,51.958268100000005,85.9602957
Алейск,52.4920914,82.7794145
Барнаул,53.3481145,83.7798362
Белокуриха,51.9960534,84.9840343
Бийск,52.5393683,85.2138852
Горняк,50.9979032,81.4643059
Заринск,53.7063495,84.9314703
Змеиногорск,51.1580235,82.18724759999999
Камень-на-Оби,53.791545400000004,81.3545173
Новоалтайск,53.4120811,83.9311249
Рубцовск,51.5013075,81.20777290000001
Славгород,52.999305299999996,78.64596740000002
Яровое,52.9251728,78.57298979999999
Белогорск,50.921223499999996,128.4738742
Благовещенск,50.2905935,127.5272186
Завитинск,50.1064678,129.43928970000002
Зея,53.733915100000004,127.26580790000001
Райчихинск,49.7941882,129.4112149
Свободный,51.361264,128.1218995
Сковородино,53.987100399999996,123.943729
Тында,55.15464010000001,124.74686340000001
Циолковский,51.7624346,128.121972
Шимановск,52.0052856,127.70065590000002
Архангельск,64.5392985,40.5170083
Вельск,61.066005700000005,42.103285799999995
Каргополь,61.5008762,38.9636415
Коряжма,61.2885993,47.1002315
Котлас,61.25298420000001,46.633191499999995
Мезень,65.83983860000001,44.2531865
Мирный,62.7644267,40.3359976
Новодвинск,64.4136023,40.820800299999995
Няндома,61.6653735,40.2061699
Онега,63.9163966,38.0805749
Северодвинск,64.56253000000001,39.8182715
Сольвычегодск,61.3318091,46.920351000000004
Шенкурск,62.105742299999996,42.89959
Астрахань,46.3655808,48.0559979
Ахтубинск,48.2753078,46.1906741
Знаменск,48.5865618,45.7367908
Камызяк,46.1105429,48.0732724
Нариманов,46.6916597,47.8501624
Харабали,47.4089187,47.2524467
Агидель,55.89976,53.9221149
Баймак,52.5912632,58.3111995
Белебей,54.1033832,54.1111878
Белорецк,53.967592700000004,58.4099562
Бирск,55.415710700000005,55.55823349999999
Благовещенск,55.0499592,55.955309
Давлеканово,54.22276170000001,55.0313419
Дюртюли,55.484804700000005,54.8524875
Ишимбай,53.454631400000004,56.043874
Кумертау,52.7565537,55.796991500000004
Межгорье,54.23968299999999,57.961459999999995
Мелеуз,52.9590637,55.9283483
Нефтекамск,56.08830749999999,54.24833910000001
Октябрьский,54.4815344,53.465661100000005
Салават,53.3616311,55.9245559
Сибай,52.7205811,58.6663303
Стерлитамак,53.6302498,55.93157070000001
Туймазы,54.5999889,53.6949081
Уфа,54.734853,55.9578647
Учалы,54.306696499999994,59.412655900000004
Янаул,56.2650336,54.929831400000005
Алексеевка,50.6299932,38.6881776
Белгород,50.5977351,36.585823600000005
Бирюч,50.6483899,38.4006203
Валуйки,50.2112799,38.0998765
Грайворон,50.486269899999996,35.666295700000006
Губкин,51.283636200000004,37.534760799999994
Короча,50.8130123,37.189654299999994
Новый Оскол,50.7635162,37.8774026
Старый Оскол,51.2965991,37.8349849
Строитель,50.7845571,36.488661900000004
Шебекино,50.4005506,36.8877988
Брянск,53.2420071,34.3652716
Дятьково,53.595828299999994,34.355092
Жуковка,53.5341219,33.730216600000006
Злынка,52.426590600000004,31.7360386
Карачев,53.1297194,34.988785899999996
Клинцы,52.7529052,32.2339161
Мглин,53.060064399999995,32.8467217
Новозыбков,52.537142599999996,31.9356826
Почеп,52.91547239999999,33.4744608
Севск,52.148421500000005,34.491819799999995
Сельцо,53.3738801,34.1059226
Стародуб,52.5851881,32.7603628
Сураж,53.017123899999994,32.393835100000004
Трубчевск,52.5791314,33.7660013
Унеча,52.846066500000006,32.6757071
Фокино,53.4554552,34.4158537
Бабушкин,51.7113066,105.8673633
Гусиноозерск,51.2865751,106.52307320000001
Закаменск,50.3726774,103.2867452
Кяхта,50.3466291,106.4534938
Северобайкальск,55.6357165,109.33626059999999
Улан-Удэ,51.8334378,107.5841511
Александров,56.3919652,38.711034999999995
Владимир,56.1281561,40.4082995
Вязники,56.297652799999994,42.2687311
Гороховец,56.2021059,42.692516999999995
Гусь-Хрустальный,55.619806499999996,40.6578769
Камешково,56.348871200000005,40.9955682
Карабаново,56.3133447,38.70342670000001
Киржач,56.14852629999999,38.8635035
Ковров,56.3553895,41.3169568
Кольчугино,56.332761600000005,39.391201
Костерево,55.9336424,39.624821999999995
Курлово,55.4525994,40.612436200000005
Лакинск,56.01806139999999,39.9564706
Меленки,55.3387017,41.634124
Муром,55.563227600000005,42.023006
Петушки,55.9297657,39.45079129999999
Покров,55.9167118,39.1733641
Радужный,55.996103399999996,40.3323247
Собинка,55.993798,40.0180034
Струнино,56.37500010000001,38.583938
Судогда,55.949897,40.85633920000001
Суздаль,56.4273814,40.4525581
Юрьев-Польский,56.4938067,39.6679311
Волгоград,48.7072005,44.5170207
Волжский,48.7978483,44.7462417
Дубовка,49.055534200000004,44.827081299999996
Жирновск,50.976756099999996,44.78576939999999
Калач-на-Дону,48.688756899999994,43.5306866
Камышин,50.0651261,45.3843816
Котельниково,47.6310808,43.133119799999996
Котово,50.3205433,44.8031864
Краснослободск,48.7068777,44.5631799
Ленинск,48.6936234,45.1992835
Михайловка,50.0708749,43.240084700000004
Николаевск,50.01669520000001,45.4733204
Новоаннинский,50.5296873,42.6666038
Палласовка,50.0501422,46.8803355
Петров Вал,50.1380355,45.2091455
Серафимович,49.566286,42.7360013
Суровикино,48.6189756,42.85413079999999
Урюпинск,50.790476700000006,42.028858899999996
Фролово,49.7647809,43.6648936
Бабаево,59.389309,35.9378318
Белозерск,60.0307914,37.7891123
Великий Устюг,60.7603243,46.3053893
Вологда,59.2484186,39.8356461
Вытегра,61.0064157,36.4495835
Грязовец,58.8757657,40.248477
Кадников,59.50379470000001,40.3440473
Кириллов,59.8590353,38.3749854
Красавино,60.9613991,46.481465
Никольск,59.5350162,45.457546799999996
Сокол,59.47591559999999,40.1114414
Тотьма,59.9735051,42.7589701
Устюжна,58.8383671,36.44250460000001
Харовск,59.9477728,40.2000794
Череповец,59.1269214,37.9092243
Бобров,51.090204799999995,40.0320014
Богучар,49.9352997,40.5592467
Борисоглебск,51.3654619,42.100947
Бутурлиновка,50.8313227,40.5977541
Воронеж,51.6592378,39.1968284
Калач,50.424121299999996,41.01628579999999
Лиски,50.9944734,39.518302
Нововоронеж,51.3092463,39.2162865
Новохоперск,51.0953461,41.617371399999996
Острогожск,50.8678083,39.0406398
Павловск,50.4533684,40.136908700000006
Поворино,51.1953446,42.2472432
Россошь,50.170089000000004,39.6225534
Семилуки,51.695184600000005,39.0189797
Эртиль,51.831024,40.8074054
Буйнакск,42.8213799,47.11644520000001
Дагестанские Огни,42.1151021,48.1939983
Дербент,42.058935,48.2908653
Избербаш,42.565098,47.871002000000004
Каспийск,42.8916599,47.6366674
Кизилюрт,43.2039094,46.872931099999995
Кизляр,43.8483915,46.7232828
Махачкала,42.98485720000001,47.504630299999995
Хасавюрт,43.2505191,46.5852276
Южно-Сухокумск,44.6600972,45.6499304
Биробиджан,48.794597499999995,132.9217594
Облучье,49.018834399999996,131.0539984
Балей,51.582206299999996,116.6380088
Борзя,50.3875437,116.5235682
Краснокаменск,50.092858,118.0323407
Могоча,53.7362465,119.76612320000001
Нерчинск,51.95955120000001,116.58540179999999
Петровск-Забайкальский,51.2748381,108.8467139
Сретенск,52.246235600000006,117.7116971
Хилок,51.3635236,110.45898899999999
Чита,52.0340128,113.4994884
Шилка,51.849530200000004,116.033575
Вичуга,57.204454500000004,41.913119200000004
Гаврилов Посад,56.55859670000001,40.12282879999999
Заволжск,57.4916546,42.1374455
Иваново,56.999467700000004,40.9728231
Кинешма,57.4425441,42.1690039
Комсомольск,57.0273907,40.3775952
Кохма,56.93251510000001,41.0933071
Наволоки,57.4678426,41.9607371
Плес,57.4605304,41.512301
Приволжск,57.3807249,41.2809239
Пучеж,56.982075,43.1683878
Родники,57.1024137,41.7298908
Тейково,56.85427120000001,40.535528899999996
Фурманов,57.25380429999999,41.1053808
Шуя,56.8560743,41.3802455
Южа,56.5926458,42.0457159
Юрьевец,57.3178701,43.1110553
Карабулак,43.3054762,44.9094521
Магас,43.1686967,44.8130849
Малгобек,43.5097009,44.59015170000001
Назрань,43.2257977,44.764685
Алзамай,55.5550493,98.6644106
Ангарск,52.54481020000001,103.8885385
Байкальск,51.5231282,104.1485752
Бирюсинск,55.9608611,97.82036240000001
Бодайбо,57.8468822,114.1867148
Братск,56.1513951,101.6339892
Вихоревка,56.120770799999995,101.170332
Железногорск-Илимский,56.5847382,104.11417469999999
Зима,53.9206865,102.0492066
Иркутск,52.2863513,104.28065500000001
Киренск,57.775712600000006,108.11077659999998
Нижнеудинск,54.8969105,99.03134809999999
Саянск,54.110778700000004,102.1802563
Свирск,53.0842576,103.33641920000001
Слюдянка,51.6562679,103.7186877
Тайшет,55.9405397,98.00306490000001
Тулун,54.5571409,100.5779402
Усолье-Сибирское,52.756719200000006,103.6387694
Усть-Илимск,57.9431325,102.7414683
Усть-Кут,56.7928049,105.77568829999998
Черемхово,53.1369385,103.090119
Шелехов,52.21024620000001,104.09735309999999
Баксан,43.6820621,43.5345627
Майский,43.6281779,44.051666299999994
Нальчик,43.4846312,43.6070316
Нарткала,43.5577208,43.8576411
Прохладный,43.7589521,44.0101936
Терек,43.483843900000004,44.140252399999994
Тырныауз,43.3981939,42.9215127
Чегем,43.567203899999996,43.5865338
Багратионовск,54.386697600000005,20.6418545
Балтийск,54.6514128,19.914191100000004
Гвардейск,54.6588981,21.050058399999998
Гурьевск,54.7705368,20.6039109
Гусев,54.59154770000001,22.194411399999996
Зеленоградск,54.9600226,20.475327399999998
Калининград,54.7073218,20.5072458
Краснознаменск,54.94526120000001,22.492851100000003
Ладушкин,54.569353799999995,20.1691909
Мамоново,54.4645591,19.945411399999998
Неман,55.031554299999996,22.0323961
Нестеров,54.631445400000004,22.5713658
Озерск,54.4084804,22.013507999999998
Пионерский,54.9516927,20.227697
Полесск,54.8626321,21.0998148
Правдинск,54.44306039999999,21.0083638
Приморск,54.73111850000001,19.998310800000002
Светлогорск,54.9439566,20.1514789
Светлый,54.677405099999994,20.1356625
Славск,55.0451054,21.674229399999998
Советск,55.081047399999996,21.8886272
Черняховск,54.624392799999995,21.796917899999997
Городовиковск,46.087535100000004,41.9354039
Лагань,45.3929617,47.3432943
Элиста,46.308294700000005,44.2701417
Балабаново,55.1773652,36.6567255
Белоусово,55.0957679,36.6777239
Боровск,55.2130965,36.4927446
Ермолино,55.197271400000005,36.5951966
Жиздра,53.752238399999996,34.7386719
Жуков,55.03013860000001,36.7393279
Калуга,54.5060439,36.251593299999996
Киров,54.079082299999996,34.307750799999994
Козельск,54.0348417,35.7807136
Кондрово,54.796051,35.9276099
Кременки,54.8863306,37.116878
Людиново,53.8701406,34.4385498
Малоярославец,55.017675600000004,36.4632122
Медынь,54.9690755,35.887313
Мещовск,54.3191127,35.2816065
Мосальск,54.4825589,34.987206
Обнинск,55.0943892,36.6121785
Сосенский,54.056525,35.9621458
Спас-Деменск,54.4099201,34.0190263
Сухиничи,54.0973787,35.3443077
Таруса,54.7236791,37.167086600000005
Юхнов,54.7445873,35.2424857
Вилючинск,52.930428000000006,158.40572759999998
Елизово,53.1829573,158.3882833
Петропавловск-Камчатский,53.0370213,158.6559142
Карачаевск,43.773196999999996,41.9143726
Теберда,43.4438408,41.7414924
Усть-Джегута,44.083852,41.971128
Черкесск,44.2268637,42.0467829
Беломорск,64.5378468,34.7799717
Кемь,64.9543657,34.5948547
Кондопога,62.2059866,34.2681778
Костомукша,64.5889946,30.6015567
Лахденпохья,61.5189466,30.199592
Медвежьегорск,62.9127678,34.4567614
Олонец,60.97936039999999,32.9726031
Петрозаводск,61.78909,34.359626299999995
Питкяранта,61.57568860000001,31.4641309
Пудож,61.8059147,36.5330088
Сегежа,63.7437211,34.3126755
Сортавала,61.7032216,30.6917021
Суоярви,62.078776899999994,32.3499029
Анжеро-Судженск,56.0787179,86.02022070000001
Белово,54.422144200000005,86.3036438
Березовский,55.6692853,86.27446359999999
Гурьевск,54.2860005,85.947723
Калтан,53.5210461,87.2772143
Кемерово,55.3909721,86.0467864
Киселевск,54.0060382,86.6367387
Ленинск-Кузнецкий,54.66740920000001,86.1796724
Мариинск,56.2127836,87.74543919999999
Междуреченск,53.6865695,88.07038879999999
Мыски,53.712551600000005,87.8056657
Новокузнецк,53.7942757,87.2144046
Осинники,53.5987397,87.3369948
Полысаево,54.6053968,86.28088029999999
Прокопьевск,53.8604562,86.7183428
Салаир,54.2351588,85.8029215
Тайга,56.0622767,85.6207907
Таштагол,52.7594505,87.8477272
Топки,55.276603599999994,85.6153223
Юрга,55.7202689,84.8885516
Белая Холуница,58.8415212,50.8461002
Вятские Поляны,56.2286058,51.0614666
Зуевка,58.4031674,51.1330787
Киров,58.60353129999999,49.667921899999996
Кирово-Чепецк,58.5559921,50.031760799999994
Кирс,59.3400586,52.2415895
Котельнич,58.3035238,48.347428799999996
Луза,60.629078099999994,47.2612069
Малмыж,56.52437220000001,50.67827570000001
Мураши,59.39563470000001,48.9637651
Нолинск,57.5596946,49.9357867
Омутнинск,58.6697684,52.189355400000004
Орлов,58.5389402,48.8929268
Слободской,58.7311934,50.1670091
Советск,57.5841434,48.958922799999996
Сосновка,56.2533149,51.2833412
Уржум,57.10976120000001,50.0056278
Яранск,57.30419499999999,47.8479185
Воркута,67.4973484,64.0611045
Вуктыл,63.8615209,57.316520700000005
Емва,62.5965314,50.873188899999995
Инта,66.0368196,60.115461200000006
Микунь,62.358018799999996,50.071973799999995
Печора,65.1485717,57.22388
Сосногорск,63.5990137,53.8762792
Сыктывкар,61.668789000000004,50.835649100000005
Усинск,65.99411160000001,57.5570054
Ухта,63.5564779,53.70142020000001
Буй,58.473445,41.530674600000005
Волгореченск,57.442371200000004,41.1593076
Галич,58.3826861,42.3654563
Кологрив,58.826988,44.318532299999994
Кострома,57.802944499999995,40.9907282
Макарьев,57.8808916,43.8014428
Мантурово,58.326466700000005,44.7575036
Нерехта,57.4543706,40.5725438
Нея,58.2944499,43.878096500000005
Солигалич,59.078672899999994,42.2877245
Чухлома,58.7534246,42.6883783
Шарья,58.37618320000001,45.4060762
Абинск,44.86799310000001,38.161843700000006
Анапа,44.8950777,37.31631420000001
Апшеронск,44.4585239,39.7300092
Армавир,45.0010338,41.132391999999996
Белореченск,44.7652733,39.87804570000001
Геленджик,44.5631053,38.0790184
Горячий Ключ,44.6343251,39.135642100000005
Гулькевичи,45.3605769,40.6918484
Ейск,46.7114611,38.2764915
Кореновск,45.4640868,39.4590178
Краснодар,45.040234999999996,38.976080100000004
Кропоткин,45.433246399999994,40.5727852
Крымск,44.934410799999995,37.9855314
Курганинск,44.887644200000004,40.5913858
Лабинск,44.6353153,40.724385
Новокубанск,45.103878200000004,41.0473679
Новороссийск,44.723426399999994,37.7687218
Приморско-Ахтарск,46.0515,38.1704654
Славянск-на-Кубани,45.2605079,38.1260725
Сочи,43.5855829,39.7231419
Темрюк,45.2611082,37.445519
Тимашевск,45.615935799999995,38.9350513
Тихорецк,45.854695299999996,40.1258702
Туапсе,44.110370700000004,39.082645
Усть-Лабинск,45.222676,39.6930239
Хадыженск,44.412303,39.5319151
Артемовск,54.34729010000001,93.4356543
Ачинск,56.253866200000004,90.47949
Боготол,56.209881,89.5300182
Бородино,55.9054308,94.9021138
Дивногорск,55.9577868,92.380085
Дудинка,69.4031339,86.1908135
Енисейск,58.44852339999999,92.165237
Железногорск,56.2529346,93.532167
Заозерный,55.961726799999994,94.7091037
Зеленогорск,56.113300100000004,94.58887359999999
Игарка,67.46679470000001,86.5814287
Иланский,56.23741629999999,96.0672656
Канск,56.20497760000001,95.70512459999999
Кодинск,58.6033961,99.1797563
Красноярск,56.009466,92.85241620000001
Лесосибирск,58.2218201,92.50369859999999
Минусинск,53.710550899999994,91.68718659999999
Назарово,56.0113176,90.41679470000001
Норильск,69.3490828,88.2009965
Сосновоборск,56.1202088,93.3353411
Ужур,55.31419770000001,89.8333827
Уяр,55.8131698,94.3282148
Шарыпово,55.5389684,89.1801557
Ялта,44.416366,34.04455
Алушта,44.6764419,34.4100387
Армянск,46.1059247,33.6910325
Бахчисарай,44.751388,33.8750341
Белогорск,45.0571581,34.599877500000005
Джанкой,45.7092436,34.388332
Евпатория,45.190432200000004,33.3667685
Керчь,45.3561128,36.4674285
Красноперекопск,45.9537956,33.7921523
Саки,45.134288899999994,33.6032508
Симферополь,44.9482645,34.100117
Старый Крым,45.0290659,35.0900885
Судак,44.85059129999999,34.976159100000004
Феодосия,45.031878000000006,35.382477200000004
Щелкино,45.4289847,35.8251329
Ялта,44.4951948,34.166385999999996
Далматово,56.262139299999994,62.938737800000006
Катайск,56.2908118,62.5800669
Курган,55.444344799999996,65.3161339
Куртамыш,54.9368491,64.4203009
Макушино,55.2154025,67.2452558
Петухово,55.0649932,67.88743690000001
Шадринск,56.0870152,63.62982339999999
Шумиха,55.2281833,63.29023910000001
Щучье,55.208830000000006,62.7478475
Дмитриев,52.126929100000005,35.073950399999994
Железногорск,52.3378753,35.3516834
Курск,51.7303391,36.1926448
Курчатов,51.6605475,35.6571711
Льгов,51.6596935,35.2611592
Обоянь,51.212012,36.275425
Рыльск,51.568165,34.680217799999994
Суджа,51.1919711,35.2719619
Фатеж,52.0918591,35.8538912
Щигры,51.878780799999994,36.8910674
Бокситогорск,59.4735032,33.8456521
Волосово,59.44451070000001,29.492277
Волхов,59.9006057,32.35212
Всеволожск,60.0190094,30.645583399999996
Выборг,60.7130748,28.732881300000003
Высоцк,60.629651100000004,28.5709914
Гатчина,59.5650861,30.1281859
Ивангород,59.3765845,28.223050399999995
Каменногорск,60.95087679999999,29.130806099999997
Кингисепп,59.3739407,28.611298100000003
Кириши,59.4742626,32.0625536
Кировск,59.875370999999994,30.981520500000002
Коммунар,59.6215929,30.393465999999997
Лодейное Поле,60.732056400000005,33.5522225
Луга,58.737381799999994,29.8466657
Любань,59.3492573,31.248527600000003
Никольское,59.704263299999994,30.787487899999995
Новая Ладога,60.11000129999999,32.3141446
Отрадное,59.77259599999999,30.7988403
Пикалево,59.5130655,34.1773982
Подпорожье,60.9127463,34.15678320000001
Приморск,60.3660787,28.6135962
Приозерск,61.03313000000001,30.158759999999997
Светогорск,61.1112679,28.872666600000002
Сертолово,60.144580000000005,30.209459499999998
Сланцы,59.117869299999995,28.088106
Сосновый Бор,59.8772921,29.129086600000004
Сясьстрой,60.140245400000005,32.5602015
Тихвин,59.6273809,33.507230699999994
Тосно,59.5406697,30.877787199999997
Шлиссельбург,59.9443923,31.0334136
Грязи,52.4873931,39.9331785
Данков,53.257690000000004,39.1457625
Елец,52.6151738,38.52891210000001
Задонск,52.4004611,38.920577200000004
Лебедянь,53.015667799999996,39.143498
Липецк,52.6103027,39.5946266
Усмань,52.0444165,39.7264516
Чаплыгин,53.2404794,39.9671563
Магадан,59.56817629999999,150.8085289
Сусуман,62.7804628,148.154033
Волжск,55.86229870000001,48.371553000000006
Звенигово,55.9739374,48.0170276
Йошкар-Ола,56.63437629999999,47.8998445
Козьмодемьянск,56.333346,46.5466282
Ардатов,54.8465693,46.24127360000001
Инсар,53.877038399999996,44.3696866
Ковылкино,54.03914640000001,43.9191229
Краснослободск,54.4248634,43.7845096
Рузаевка,54.058323800000004,44.949116
Саранск,54.1807601,45.186226299999994
Темников,54.6309086,43.2161785
Москва,55.7538789,37.6203735
Апрелевка,55.5276336,37.065110499999996
Балашиха,55.79633520000001,37.93814129999999
Бронницы,55.4255534,38.2640794
Верея,55.367466799999995,36.1563083
Видное,55.5518323,37.706206200000004
Волоколамск,56.0358121,35.9585027
Воскресенск,55.30713050000001,38.7026949
Высоковск,56.336141000000005,36.5251316
Голицыно,55.6189762,36.9855559
Дедовск,55.8704718,37.1244724
Дзержинский,55.624107900000006,37.8440691
Дмитров,56.347717599999996,37.5267184
Долгопрудный,55.93849010000001,37.5100527
Домодедово,55.436390100000004,37.7666263
Дрезна,55.744299100000006,38.849922799999995
Дубна,56.7417949,37.1757163
Егорьевск,55.3831326,39.0358236
Жуковский,55.599840799999996,38.1224185
Зарайск,54.762599300000005,38.8851485
Звенигород,55.729616799999995,36.8552843
Ивантеевка,55.974230299999995,37.9208755
Истра,55.906108700000004,36.8600854
Кашира,54.853426299999995,38.1903818
Клин,56.3424886,36.724091200000004
Коломна,55.1027797,38.7531734
Королев,55.916255799999995,37.8545224
Котельники,55.659898,37.8632865
Красноармейск,51.0268595,45.7011086
Красногорск,55.831847499999995,37.32942
Краснозаводск,56.4408723,38.2320671
Краснознаменск,55.59789620000001,37.03951370000001
Кубинка,55.5755679,36.6952487
Куровское,55.5791491,38.920854299999995
Ликино-Дулево,55.707853099999994,38.957710299999995
Лобня,56.0328745,37.4614671
Лосино-Петровский,55.8714441,38.200537700000005
Луховицы,54.96516170000001,39.0261346
Лыткарино,55.577806499999994,37.9034952
Люберцы,55.700416000000004,37.9606496
Можайск,55.5069819,36.0240724
Мытищи,55.9104647,37.7363702
Наро-Фоминск,55.380274899999996,36.76080379999999
Ногинск,55.868623899999996,38.4621635
Одинцово,55.6789292,37.2636389
Озеры,54.853994400000005,38.559870000000004
Орехово-Зуево,55.81517289999999,38.9870711
Павловский Посад,55.7806718,38.6596047
Пересвет,56.4158828,38.17335670000001
Подольск,55.4389588,37.57027
Протвино,54.870661399999996,37.2183307
Пушкино,56.0104548,37.8471438
Пущино,54.83252099999999,37.6210428
Раменское,55.54952900000001,38.273015
Реутов,55.758236,37.8619443
Рошаль,55.663250399999995,39.8655434
Руза,55.7015302,36.19600429999999
Сергиев Посад,56.3063411,38.150256799999994
Серпухов,54.92253960000001,37.40326820000001
Солнечногорск,56.2148655,37.0967653
Старая Купавна,55.8038411,38.1426144
Ступино,54.923840299999995,38.118697600000004
Талдом,56.730899300000004,37.5276414
Фрязино,55.9590154,38.0409171
Химки,55.888670499999996,37.4304154
Хотьково,56.251572499999995,37.939522499999995
Черноголовка,56.0100909,38.3792328
Чехов,55.150717500000006,37.453259100000004
Шатура,55.57779420000001,39.5443781
Щелково,55.92343029999999,37.9784419
Электрогорск,55.877857299999995,38.7805239
Электросталь,55.7847718,38.444653100000004
Электроугли,55.7170329,38.2194049
Яхрома,56.2889858,37.4831016
Апатиты,67.5678295,33.4067218
Гаджиево,69.24900090000001,33.3152445
Заозерск,69.4003895,32.450222499999995
Заполярный,69.413232,30.798533199999998
Кандалакша,67.1567298,32.4142303
Кировск,67.61509790000001,33.6637196
Ковдор,67.5661466,30.4742082
Кола,68.8785079,33.0262014
Мончегорск,67.93852059999999,32.9358886
Мурманск,69.0076958,33.0686019
Оленегорск,68.1422068,33.2670094
Островной,68.05091329999999,39.5076034
Полярные Зори,67.3730192,32.497541
Полярный,69.19883730000001,33.4509985
Североморск,69.07650290000001,33.4178354
Снежногорск,69.1921469,33.2382821
Нарьян-Мар,67.6381525,53.0069336
Арзамас,55.3947544,43.840785499999996
Балахна,56.4949932,43.5758953
Богородск,56.1019905,43.513678000000006
Бор,56.3565179,44.064485100000006
Ветлуга,57.8558395,45.7762692
Володарск,56.21689739999999,43.1597623
Ворсма,55.9900425,43.2719879
Выкса,55.3207103,42.1679169
Горбатов,56.130790100000006,43.0626829
Городец,56.644745900000004,43.472297499999996
Дзержинск,56.237643799999994,43.459936299999995
Заволжье,56.64042370000001,43.3871565
Княгинино,55.8205157,45.0322947
Кстово,56.1433353,44.1665081
Кулебаки,55.429716000000006,42.512483
Лукоянов,55.032734899999994,44.4933829
Лысково,56.026229799999996,45.035670200000006
Навашино,55.543910499999996,42.1887734
Нижний Новгород,56.3242093,44.0053948
Павлово,55.9797995,43.0996232
Первомайск,54.8676182,43.8012829
Перевоз,55.596904,44.545026799999995
Саров,54.9227002,43.344779200000005
Семенов,56.788934999999995,44.4903571
Сергач,55.520036399999995,45.481319299999996
Урень,57.461254700000005,45.783394
Чкаловск,56.7651549,43.242019299999995
Шахунья,57.676477299999995,46.612967299999994
Боровичи,58.38398660000001,33.9176761
Валдай,57.9822906,33.2369492
Великий Новгород,58.5214003,31.275505100000004
Малая Вишера,58.8458076,32.2247984
Окуловка,58.390871700000005,33.2902474
Пестово,58.5973944,35.8144523
Сольцы,58.12016929999999,30.309285
Старая Русса,57.990687300000005,31.3555076
Холм,57.1451036,31.178781199999996
Чудово,59.12474770000001,31.6865406
Барабинск,55.3515917,78.3465012
Бердск,54.7582375,83.10722120000001
Болотное,55.669377299999994,84.3906599
Искитим,54.626686899999996,83.2951444
Карасук,53.7343772,78.042457
Каргат,55.1943829,80.2831324
Куйбышев,55.468410399999996,78.32410420000001
Купино,54.3660317,77.2972969
Новосибирск,55.02810160000001,82.92105749999999
Обь,54.994588199999995,82.6937925
Татарск,55.214589399999994,75.9740805
Тогучин,55.225003799999996,84.4103867
Черепаново,54.22069739999999,83.3724392
Чулым,55.09062049999999,80.9592152
Исилькуль,54.909615599999995,71.2816107
Калачинск,55.0598547,74.5655075
Называевск,55.5688811,71.3502572
Омск,54.9848136,73.3674638
Тара,56.915917099999994,74.3649643
Тюкалинск,55.870512100000006,72.1956156
Абдулино,53.6778096,53.6473115
Бугуруслан,53.652263600000005,52.432616599999996
Бузулук,52.7881434,52.26237570000001
Гай,51.4649138,58.443618900000004
Кувандык,51.4784845,57.361202899999995
Медногорск,51.4039421,57.58321850000001
Новотроицк,51.1965071,58.301745499999996
Оренбург,51.7875191,55.101737899999996
Орск,51.2293069,58.4751889
Соль-Илецк,51.1634976,54.98953910000001
Сорочинск,52.4265081,53.154212300000005
Ясный,51.0369499,59.874325600000006
Болхов,53.4440204,36.0076969
Дмитровск,52.505348100000006,35.141535
Ливны,52.4285122,37.603944
Малоархангельск,52.4001151,36.5037931
Мценск,53.27900210000001,36.574992
Новосиль,52.9747225,37.0438402
Орёл,52.9672573,36.0696479
Белинский,52.9641169,43.4185003
Городище,53.272788799999994,45.702731
Заречный,53.1961009,45.169150200000004
Каменка,53.18554739999999,44.0468501
Кузнецк,53.1131686,46.6052497
Нижний Ломов,53.5301274,43.6729216
Никольск,53.7138397,46.079962
Пенза,53.175388399999996,45.0347408
Сердобск,52.4697532,44.2122688
Спасск,53.927163,43.1860475
Сурск,53.07605970000001,45.6911897
Александровск,59.16137729999999,57.5764851
Березники,59.407989799999996,56.8040725
Верещагино,58.07979079999999,54.6580948
Горнозаводск,58.3743406,58.3230329
Гремячинск,58.5625603,57.8520073
Губаха,58.837024,57.5544441
Добрянка,58.4696353,56.4131294
Кизел,59.051176399999996,57.6471214
Красновишерск,60.390224200000006,57.05372439999999
Краснокамск,58.0820946,55.7479797
Кудымкар,59.0168605,54.6573459
Кунгур,57.428321700000005,56.9437787
Лысьва,58.09959870000001,57.8085728
Нытва,57.9337429,55.3357261
Оса,57.288999200000006,55.468898200000005
Оханск,57.7178946,55.387153000000005
Очер,57.8851991,54.71617560000001
Пермь,58.0103211,56.23417779999999
Соликамск,59.64835179999999,56.7710358
Усолье,59.427935600000005,56.68377829999999
Чайковский,56.7780203,54.147848200000006
Чердынь,60.4011184,56.48013910000001
Чермоз,58.7842527,56.150756200000004
Чернушка,56.5161079,56.0763919
Чусовой,58.2974725,57.8193122
Арсеньев,44.162079999999996,133.269622
Артем,43.350053,132.1596594
Большой Камень,43.111273700000005,132.34803540000001
Владивосток,43.1163807,131.882348
Дальнегорск,44.553990899999995,135.56625359999998
Дальнереченск,45.9307882,133.7316542
Лесозаводск,45.478019200000006,133.4185501
Находка,42.8240404,132.8927812
Партизанск,43.1279833,133.1264754
Спасск-Дальний,44.5900929,132.8157564
Уссурийск,43.797259999999994,131.95172620000002
Фокино,42.97071629999999,132.4110209
Великие Луки,56.332184700000006,30.550757
Гдов,58.743258499999996,27.8263328
Дно,57.8269802,29.962956899999995
Невель,56.0201544,29.9240505
Новоржев,57.029833200000006,29.343333
Новосокольники,56.3407627,30.1527712
Опочка,56.7107956,28.6717455
Остров,57.34524079999999,28.343710700000003
Печоры,57.8146689,27.622282300000002
Порхов,57.7764223,29.5436424
Псков,57.819283999999996,28.3318188
Пустошка,56.3375131,29.3668243
Пыталово,57.0637109,27.923475899999996
Себеж,56.290766299999994,28.4725735
Азов,47.1120631,39.4232597
Аксай,47.267607500000004,39.8755485
Батайск,47.138321000000005,39.750838200000004
Белая Калитва,48.176947999999996,40.8033169
Волгодонск,47.516518100000006,42.1984531
Гуково,48.0449422,39.9484635
Донецк,48.3350928,39.946065399999995
Зверево,48.043451,40.126494799999996
Зерноград,46.8494991,40.312765
Каменск-Шахтинский,48.3204412,40.268874
Константиновск,47.5773456,41.0967362
Красный Сулин,47.8830826,40.0781385
Миллерово,48.925821,40.398330200000004
Морозовск,48.351172399999996,41.830800599999996
Новочеркасск,47.411924799999994,40.1042066
Новошахтинск,47.7576522,39.936470899999996
Пролетарск,46.7038968,41.7274533
Ростов-на-Дону,47.2224364,39.7187866
Сальск,46.4751689,41.5412229
Семикаракорск,47.5177981,40.811585
Таганрог,47.2094907,38.935154
Цимлянск,47.64776679999999,42.093022
Шахты,47.7084247,40.2159154
Касимов,54.9373788,41.3912912
Кораблино,53.924542200000005,40.022786700000005
Михайлов,54.2296493,39.0090857
Новомичуринск,54.037797899999994,39.746702299999995
Рыбное,54.725593700000005,39.513438
Ряжск,53.7067718,40.052135799999995
Рязань,54.625457,39.7359992
Сасово,54.350806999999996,41.9117458
Скопин,53.823602799999996,39.5493286
Спас-Клепики,55.129147200000006,40.1745036
Спасск-Рязанский,54.4071497,40.3764367
Шацк,54.0288845,41.718210799999994
Жигулевск,53.401154500000004,49.494529
Кинель,53.2209985,50.6343039
Нефтегорск,52.797259,51.1637126
Новокуйбышевск,53.0995303,49.947766200000004
Октябрьск,53.16408860000001,48.6707463
Отрадный,53.3800609,51.343869500000004
Похвистнево,53.6498197,52.12355170000001
Самара,53.195165700000004,50.1067691
Сызрань,53.155721299999996,48.4745419
Тольятти,53.520643799999995,49.389461
Чапаевск,52.9289662,49.8674222
Санкт-Петербург,59.939125,30.315822499999996
Аркадак,51.938781299999995,43.499755799999996
Аткарск,51.8736331,45.000319899999994
Балаково,52.0222694,47.7828146
Балашов,51.5389502,43.183982799999995
Вольск,52.045993200000005,47.387350399999995
Ершов,51.3508407,48.276331299999995
Калининск,51.4992917,44.471017700000004
Красноармейск,51.023602600000004,45.695141
Красный Кут,50.959686700000006,46.9712472
Маркс,51.7133973,46.7400684
Новоузенск,50.4551744,48.1412622
Петровск,52.3093782,45.3851649
Пугачев,52.0158464,48.7972652
Ртищево,52.261629799999994,43.784239899999996
Саратов,51.530376000000004,45.953025700000005
Хвалынск,52.4950057,48.1045147
Шиханы,52.11482410000001,47.202292799999995
Энгельс,51.4854893,46.1267479
Александровск-Сахалинский,50.897366399999996,142.1579322
Анива,46.713252600000004,142.5265052
Долинск,47.3255903,142.7945985
Корсаков,46.6323995,142.7994094
Курильск,45.227191499999996,147.8796713
Макаров,48.6236287,142.7803508
Невельск,46.6527314,141.86317409999998
Оха,53.5868238,142.94122099999998
Поронайск,49.23879829999999,143.1007104
Северо-Курильск,50.67310560000001,156.1280722
Томари,47.76199570000001,142.061508
Углегорск,49.081631099999996,142.0693033
Холмск,47.0408637,142.0416619
Южно-Сахалинск,46.959133,142.73812519999998
Алапаевск,57.847554200000005,61.669393400000004
Арамиль,56.6945341,60.8343825
Артемовский,57.338416200000005,61.89465989999999
Асбест,57.0052428,61.4581071
Березовский,56.909628399999995,60.818025600000006
Богданович,56.7764419,62.0463692
Верхний Тагил,57.37627679999999,59.951652100000004
Верхняя Пышма,56.975783299999996,60.564885
Верхняя Салда,58.0466039,60.5560397
Верхняя Тура,58.36438390000001,59.826685399999995
Верхотурье,58.862114500000004,60.810454299999996
Волчанск,59.9350515,60.079796400000006
Дегтярск,56.704819900000004,60.07922270000001
Екатеринбург,56.8386326,60.6054887
Заречный,56.810334499999996,61.338059200000004
Ивдель,60.6944353,60.4244661
Ирбит,57.683840599999996,63.057663899999994
Каменск-Уральский,56.4149095,61.918983700000005
Камышлов,56.84654690000001,62.712043200000004
Карпинск,59.766444400000005,60.001179799999996
Качканар,58.70517589999999,59.4840198
Кировград,57.4298451,60.0623588
Краснотурьинск,59.7636934,60.1934451
Красноуральск,58.348633400000004,60.040901100000006
Красноуфимск,56.612286399999995,57.7636958
Кушва,58.2825406,59.7646113
Лесной,58.634981,59.798052799999994
Михайловск,56.4369736,59.113865000000004
Невьянск,57.491232999999994,60.21818390000001
Нижние Серги,56.6544606,59.2952291
Нижний Тагил,57.910103799999995,59.98132420000001
Нижняя Салда,58.0749243,60.702655500000006
Нижняя Тура,58.63109420000001,59.852126500000004
Новая Ляля,59.053961,60.5945405
Новоуральск,57.2471507,60.095701
Первоуральск,56.90816650000001,59.94292049999999
Полевской,56.495808499999995,60.2366314
Ревда,56.79869,59.9071464
Реж,57.3717914,61.3833223
Североуральск,60.1533333,59.9525274
Серов,59.604865100000005,60.575213600000005
Среднеуральск,56.991882999999994,60.4771953
Сухой Лог,56.907593799999994,62.0358708
Сысерть,56.500519999999995,60.8190708
Тавда,58.0434196,65.27432320000001
Талица,57.0123359,63.732246700000005
Туринск,58.03942579999999,63.698142000000004
Севастополь,44.613515299999996,33.6100739
Севастополь,44.616733399999994,33.5253552
Алагир,43.0416151,44.2198622
Ардон,43.1756719,44.2955701
Беслан,43.193763399999995,44.533874600000004
Владикавказ,43.0205039,44.6819383
Дигора,43.1567386,44.1551132
Моздок,43.7471209,44.6571456
Велиж,55.605884499999995,31.1857376
Вязьма,55.2115563,34.2951196
Гагарин,55.5526532,34.9949049
Демидов,55.268261100000004,31.5062078
Десногорск,54.14651170000001,33.2834063
Дорогобуж,54.9137794,33.3024596
Духовщина,55.1950509,32.4012351
Ельня,54.5836832,33.1749566
Починок,54.406303099999995,32.4397914
Рославль,53.9449601,32.8479617
Рудня,54.94413570000001,31.079475800000004
Сафоново,55.1199868,33.233799
Смоленск,54.786716799999994,31.815336600000006
Сычевка,55.8307397,34.277868
Ярцево,55.0564933,32.6902457
Благодарный,45.0990834,43.4307042
Буденновск,44.781443700000004,44.1650859
Георгиевск,44.1486421,43.4739718
Ессентуки,44.044461,42.8589078
Железноводск,44.1320689,43.0306475
Зеленокумск,44.403359,43.8841326
Изобильный,45.3684342,41.708644799999995
Ипатово,45.7181897,42.8969695
Кисловодск,43.905235,42.7167187
Лермонтов,44.1052526,42.9731433
Минеральные Воды,44.2088942,43.1383482
Михайловск,45.1296297,42.028787
Невинномысск,44.6227404,41.9476147
Нефтекумск,44.75448660000001,44.986504100000005
Новоалександровск,45.4933561,41.215448200000004
Новопавловск,43.9617565,43.6342855
Пятигорск,44.0411669,43.0661091
Светлоград,45.3284769,42.85669229999999
Ставрополь,45.0445439,41.96901679999999
Жердевка,51.8421783,41.4617407
Кирсанов,52.65059399999999,42.728487200000004
Котовск,52.59239300000001,41.510248600000004
Мичуринск,52.891293999999995,40.510475
Моршанск,53.443646900000005,41.8115687
Рассказово,52.6537517,41.8743779
Тамбов,52.72130210000001,41.452258
Уварово,51.9768835,42.2529568
Агрыз,56.5232645,52.994257
Азнакаево,54.8599054,53.0745505
Альметьевск,54.9013662,52.2970654
Арск,56.09136360000001,49.8770441
Бавлы,54.4063588,53.245794599999996
Болгар,54.97488620000001,49.0302977
Бугульма,54.53634279999999,52.7895286
Буинск,54.964110600000005,48.2900576
Елабуга,55.75667270000001,52.054443799999994
Заинск,55.298885399999996,52.0063634
Зеленодольск,55.846675100000006,48.501088200000005
Иннополис,55.7521544,48.7446161
Казань,55.794387699999994,49.1115312
Лаишево,55.404264600000005,49.5498201
Лениногорск,54.5966917,52.4432118
Мамадыш,55.71498760000001,51.4128614
Менделеевск,55.895064600000005,52.3144177
Мензелинск,55.72709079999999,53.1005321
Набережные Челны,55.743647499999994,52.3958739
Нижнекамск,55.6311963,51.814407
Нурлат,54.4281578,50.805043100000006
Тетюши,54.936575,48.8314915
Чистополь,55.369937199999995,50.628495
Андреаполь,56.65070720000001,32.2621196
Бежецк,57.786114399999995,36.6903445
Белый,55.83376629999999,32.938897600000004
Бологое,57.88565500000001,34.053689500000004
Весьегонск,58.6584004,37.256860499999995
Вышний Волочек,57.5683326,34.54029310000001
Западная Двина,56.2568002,32.0805972
Зубцов,56.176070900000006,34.582550399999995
Калязин,57.2579471,37.7821253
Кашин,57.360048600000006,37.6118674
Кимры,56.873358999999994,37.3557064
Конаково,56.7275533,36.8011699
Красный Холм,58.0570193,37.1125975
Кувшиново,57.0263733,34.1676435
Лихославль,57.12225600000001,35.4667886
Нелидово,56.2232417,32.7766656
Осташков,57.145720499999996,33.1116707
Ржев,56.26293929999999,34.3291178
Старица,56.51495500000001,34.9335145
Тверь,56.85853960000001,35.9117898
Торжок,57.0412804,34.9600691
Торопец,56.501179099999995,31.635436600000006
Удомля,57.8787885,35.016715999999995
Асино,56.9908444,86.1765724
Кедровый,57.561846499999994,79.56789140000001
Колпашево,58.311471600000004,82.90275279999999
Северск,56.603114299999994,84.8809687
Стрежевой,60.7328199,77.6040323
Томск,56.484703599999996,84.94817370000001
Алексин,54.508378799999996,37.047891
Белев,53.8113348,36.1383153
Богородицк,53.77005160000001,38.12253079999999
Болохово,54.0820644,37.826844
Венев,54.3542431,38.2642325
Донской,53.967958200000005,38.3372104
Ефремов,53.1465725,38.092241200000004
Кимовск,53.9698378,38.5380267
Киреевск,53.932117299999994,37.922079100000005
Липки,53.94181089999999,37.701945200000004
Новомосковск,54.01097539999999,38.2915652
Плавск,53.7095993,37.286314399999995
Советск,53.93370989999999,37.6315517
Суворов,54.134536700000005,36.4806933
Тула,54.19201700000001,37.6153885
Узловая,53.9731407,38.1763104
Чекалин,54.098510499999996,36.247437700000006
Щекино,54.0020749,37.517686
Ясногорск,54.479517799999996,37.689669
Ак-Довурак,51.1785658,90.59845109999999
Кызыл,51.7191542,94.43772340000001
Туран,52.144932,93.9172495
Чадан,51.2844482,91.5789135
Шагонар,51.5347357,92.9199618
Заводоуковск,56.501219299999995,66.55050940000001
Ишим,56.0952037,69.4643292
Тобольск,58.2016828,68.2538392
Тюмень,57.1530824,65.5343118
Ялуторовск,56.649167000000006,66.297034
Воткинск,57.05176410000001,53.987463500000004
Глазов,58.1359111,52.663499800000004
Ижевск,56.8527444,53.2113961
Камбарка,56.2659745,54.19341529999999
Можга,56.4427219,52.21388820000001
Сарапул,56.461611700000006,53.8036967
Барыш,53.653456299999995,47.1180805
Димитровград,54.2168446,49.6261645
Инза,53.85504670000001,46.3532786
Новоульяновск,54.1447691,48.391170100000004
Сенгилей,53.959055299999996,48.7767869
Ульяновск,54.3080674,48.3748717
Амурск,50.2345017,136.8791135
Бикин,46.8186244,134.25510459999998
Вяземский,47.535441600000006,134.7553701
Комсомольск-на-Амуре,50.550011,137.00792859999999
Николаевск-на-Амуре,53.1461943,140.7109642
Советская Гавань,48.9664554,140.28522230000002
Хабаровск,48.4647991,135.0598811
Абаза,52.651729599999996,90.0885929
Абакан,53.722366099999995,91.4437792
Саяногорск,53.1008226,91.41216429999999
Сорск,54.0001451,90.25956740000001
Черногорск,53.82584250000001,91.32596690000001
Белоярский,63.71218100000001,66.67723570000001
Когалым,62.2638914,74.4828687
Лангепас,61.253666700000004,75.1807905
Лянтор,61.6391639,72.1793828
Мегион,61.0318946,76.1024772
Нефтеюганск,61.088283700000005,72.61641850000001
Нижневартовск,60.9397379,76.5696206
Нягань,62.1454839,65.39443610000001
Покачи,61.742197700000006,75.5942069
Пыть-Ях,60.758576899999994,72.83664449999999
Радужный,62.1343067,77.45843459999999
Советский,61.3706695,63.566863
Сургут,61.253977299999995,73.39617259999999
Урай,60.129584200000004,64.8040117
Ханты-Мансийск,61.002434400000006,69.0183322
Югорск,61.312450399999996,63.3364787
Аша,54.9907105,57.2783704
Бакал,54.940675899999995,58.805108499999996
Верхнеуральск,53.87605870000001,59.2169071
Верхний Уфалей,56.0487252,60.231963
Еманжелинск,54.7554084,61.3243985
Златоуст,55.1715695,59.6726264
Карабаш,55.4852076,60.2358959
Карталы,53.0536101,60.647712
Касли,55.886804500000004,60.7422529
Катав-Ивановск,54.7520187,58.198370600000004
Копейск,55.116754500000006,61.6180809
Коркино,54.890302299999995,61.4034541
Куса,55.338515599999994,59.438647399999994
Кыштым,55.706004799999995,60.556327100000004
Магнитогорск,53.407189100000004,58.9791432
Миасс,55.0455774,60.1077757
Миньяр,55.0709601,57.548443500000005
Нязепетровск,56.053719900000004,59.609679099999994
Озерск,55.7631922,60.7076337
Пласт,54.3691832,60.815230500000006
Сатка,55.040449699999996,59.02881529999999
Сим,54.9906584,57.689904500000004
Снежинск,56.085232,60.732498899999996
Трехгорный,54.8178174,58.446503899999996
Троицк,54.0844132,61.5585503
Усть-Катав,54.9261323,58.152806700000006
Чебаркуль,54.981932900000004,60.37733050000001
Челябинск,55.160365899999995,61.4007858
Южноуральск,54.449012399999994,61.2581869
Юрюзань,54.8546372,58.42271160000001
Аргун,43.2918071,45.8724383
Грозный,43.317924299999994,45.6981102
Гудермес,43.3519164,46.103605200000004
Урус-Мартан,43.12760720000001,45.5406838
Шали,43.148776,45.900957700000006
Алатырь,54.8398179,46.572142299999996
Канаш,55.5069543,47.4917734
Козловка,55.840652600000006,48.2579372
Мариинский Посад,56.111968000000005,47.71426760000001
Новочебоксарск,56.109486,47.4791429
Цивильск,55.8650132,47.472967
Чебоксары,56.1439378,47.248871799999996
Шумерля,55.496179500000004,46.4183534
Ядрин,55.9406826,46.202076500000004
Анадырь,64.73143470000001,177.5015752
Билибино,68.0585533,166.43884509999998
Певек,69.7018051,170.29991940000002
Алдан,58.6094885,125.38166890000001
Верхоянск,67.5500865,133.3907829
Вилюйск,63.751731400000004,121.6272754
Ленск,60.727603599999995,114.9549103
Мирный,62.53625110000001,113.96681459999999
Нерюнгри,56.6600322,124.72031000000001
Нюрба,63.282877500000005,118.324325
Олекминск,60.3758203,120.40601299999999
Покровск,61.484353799999994,129.1482195
Среднеколымск,67.45816640000001,153.7069511
Томмот,58.9586939,126.2875375
Удачный,66.40723670000001,112.30616529999999
Якутск,62.02802729999999,129.7325717
Губкинский,64.4456575,76.4714559
Лабытнанги,66.65923760000001,66.3882628
Муравленко,63.794188,74.494913
Надым,65.53775139999999,72.5182746
Новый Уренгой,66.0840036,76.6810032
Ноябрьск,63.201845999999996,75.4509665
Салехард,66.5493568,66.6083994
Тарко-Сале,64.9117649,77.7610204
Гаврилов-Ям,57.3091552,39.8545157
Данилов,58.185954200000005,40.1796765
Любим,58.361986800000004,40.6869581
Мышкин,57.7881664,38.4542816
Переславль-Залесский,56.73604350000001,38.8543064
Пошехонье,58.506328,39.1210034
Ростов,57.2050177,39.4378357
Рыбинск,58.048380200000004,38.858338
Тутаев,57.86742370000001,39.5368234
Углич,57.522386600000004,38.30197929999999
Ярославль,57.6216145,39.897878000000006
Адлер,43.438166,39.911178
